name,ion,rest_wavelength_angstrom,oscillator_strength,damping_constant_s,atomic_mass_amu,q_coefficient_cminv,group,reference
??_1215,??,1215.67010,0.4164,626500000.0,1.0,,??,No ID NOTE:DON'T USE TABS AS SEPARATORS
HI_1215,H I,1215.67010,0.4164,626500000.0,1.00794,,HI,"Morton(03), 2cpts sep by 1.3 km/s, A&G:10.446"
HI_1025,H I,1025.72230,0.07914,189700000.0,1.00794,,HI,"Ly2 f, Gamma C-C Lee et al, in prep 2019"
HI_972,H I,972.53680,0.02901,81270000.0,1.00794,,HI,Ly3
HI_949,H I,949.74310,0.01395,42040000.0,1.00794,,HI,Ly4
HI_937,H I,937.80350,0.007803,24500000.0,1.00794,,HI,Ly5
HI_930,H I,930.74830,0.004817,15510000.0,1.00794,,HI,Ly6
HI_926,H I,926.22570,0.003185,10430000.0,1.00794,,HI,Ly7 Aki = 8.255E6 (< real Gamma)
HI_923,H I,923.15040,0.002217,7344000.0,1.00794,,HI,Ly8 (n=9)
HI_920,H I,920.96310,0.001606,5366000.0,1.00794,,HI,Ly9
HI_919,H I,919.35140,0.001201,4038000.0,1.00794,,HI,Ly10
HI_918,H I,918.12940,0.0009219,3115000.0,1.00794,,HI,Ly11 n=12
HI_917,H I,917.18060,0.0007231,2453000.0,1.00794,,HI,Ly12 13
HI_916,H I,916.42900,0.0005777,1966000.0,1.00794,,HI,Ly13 14
HI_915,H I,915.82400,0.0004689,1600000.0,1.00794,,HI,Ly14
HI_915,H I,915.32900,0.0003858,1319000.0,1.00794,,HI,Ly15 n16
HI_914,H I,914.91900,0.0003213,1100000.0,1.00794,,HI,Ly16 n17
HI_914,H I,914.57600,0.0002704,927500.0,1.00794,,HI,Ly17
HI_914,H I,914.28600,0.0002297,789000.0,1.00794,,HI,Ly18
HI_914,H I,914.03900,0.0001968,676700.0,1.00794,,HI,Ly19
HI_913,H I,913.82600,0.0001699,584800.0,1.00794,,HI,Ly20 (n=21)
HI_913,H I,913.64100,0.0001477,508800.0,1.00794,,HI,Ly21
HI_913,H I,913.48000,0.0001292,445400.0,1.00794,,HI,Ly22
HI_913,H I,913.33900,0.0001136,392100.0,1.00794,,HI,Ly23
HI_913,H I,913.21500,0.0001005,347000.0,1.00794,,HI,Ly24
HI_913,H I,913.10400,8.932e-05,308500.0,1.00794,,HI,Ly25
HI_913,H I,913.00600,7.974e-05,275600.0,1.00794,,HI,Ly26
HI_912,H I,912.91800,7.148e-05,247100.0,1.00794,,HI,Ly27
HI_912,H I,912.83900,6.432e-05,222500.0,1.00794,,HI,Ly28
HI_912,H I,912.76800,5.809e-05,201000.0,1.00794,,HI,Ly29
HI_912,H I,912.70300,5.264e-05,188200.0,1.00794,,HI,Ly30 (n=31) asymtotic f 1.576/n^3 from (so A~1/n3)
HI_912,H I,912.64500,4.8e-05,127700.0,1.00794,,HI,Ly31 (n=32) Aki this one 1934MNRAS..95..101Woolley
HI_911,H I,911.75360,6.3e-18,1.0,1.00794,,HI,Lyman limit
HI2_6564,H I2,6564.62300,0.6958,64650000.0,,,HI2,n=2 level
HI2_4862,H I2,4862.68800,0.1218,20620000.0,,,HI2,
HI2_4341,H I2,4341.69000,0.04437,9425000.0,,,HI2,
DI_1215,D I,1215.33940,0.4165,626700000.0,2.0,,DI,"Morton, C-C Lee f,Gamma"
DI_1025,D I,1025.44330,0.07912,189800000.0,2.0,,DI,""""
DI_972,D I,972.27220,0.029,81290000.0,2.0,,DI,""""
DI_949,D I,949.48470,0.01392,42050000.0,2.0,,DI,""""
DI_937,D I,937.54840,0.007802,24510000.0,2.0,,DI,""""
DI_930,D I,930.49510,0.004815,15510000.0,2.0,,DI,""""
DI_925,D I,925.97370,0.003184,10430000.0,2.0,,DI,""""
DI_922,D I,922.89900,0.002217,7346000.0,2.0,,DI,""""
DI_920,D I,920.71200,0.001606,5367000.0,2.0,,DI,""""
DI_919,D I,919.10200,0.001201,4040000.0,2.0,,DI,""""
DI_917,D I,917.87900,0.0009217,3116000.0,2.0,,DI,""""
DI_916,D I,916.93100,0.0007229,2454000.0,2.0,,DI,""""
DI_916,D I,916.17900,0.0005776,1967000.0,2.0,,DI,""""
DI_915,D I,915.57500,0.0004688,1600000.0,2.0,,DI,""""
DI_915,D I,915.08000,0.0003857,1319000.0,2.0,,DI,""""
HeI_584,HeI,584.33400,0.285,200000000.0,4.002602,,HeI,VBT A&G:9.435
HeI_537,HeI,537.02960,0.0752,200000000.0,4.002602,,HeI,
HeI_522,HeI,522.21280,0.0307,200000000.0,4.002602,,HeI,
HeI_515,HeI,515.61650,0.0154,200000000.0,4.002602,,HeI,
HeII_303,HeII,303.78220,0.416,627000000.0,4.002602,,HeII,VBT
HeII_256,HeII,256.31700,0.079,189700000.0,4.002602,,HeII,
LiI67_9,LiI 67,9.76660,0.249,36890000.0,7.0,,LiI67,M03G
LiI67_9,LiI 67,9.61560,0.498,36900000.0,7.0,,LiI67,M03g
BeII_3131,BeII,3131.32920,0.3321,113000000.0,9.012182,,BeII,"M03g (gamma in table, not Aki) A&G:-0.137"
BeII_3131,BeII,3131.97420,0.166,112900000.0,9.012182,,BeII,M03g M03=Morton2003
BeII_1036,BeII,1036.31900,0.02769,184600000.0,9.012182,,BeII,M03g
BeII_1036,BeII,1036.29900,0.05538,184600000.0,9.012182,,BeII,M03g
BII_1362,B II,1362.46300,0.996,1190000000.0,10.811,,BII,M03g A&G:1.326
BIII_2066,B III,2066.43600,0.238,100000000.0,,,BIII,Kurucz
BIII_2067,B III,2067.89300,0.119,100000000.0,,,BIII,Kurucz
CI_945,C I,945.18800,0.2726,100000000.0,12.011,130.0,CI,Berengut arXiv:1011.4136
CI_1103,C I,1103.62900,0.01445,0.0,12.011,,CI,From Alessandra Aloisi
CI_1112,C I,1112.26900,0.01606,0.0,12.011,,CI,From Alessandra Aloisi
CI_1114,C I,1114.62800,0.01129,0.0,12.011,,CI,From Alessandra Aloisi
CI_1139,C I,1139.08670,0.000542,929000.0,12.011,,CI,M03-22.01 A&G:7.004
CI*_1139,C I*,1139.29980,0.00121,6240000.0,,,CI*,M03
CI_1139,C I,1139.79190,0.0123,21000000.0,12.011,,CI,M03-22u
CI*_1139,C I*,1139.51450,0.00881,27200000.0,,,CI*,M03
CI*_1140,C I*,1140.00530,0.00184,9440000.0,,,CI*,M03
CI**_1139,C I**,1139.81210,0.00806,29600000.0,,,CI**,M03
CI**_1139,C I**,1139.86510,0.000252,1300000.0,,,CI**,M03
CI_1140,C I,1140.00960,0.00356,6090000.0,12.011,,CI,M03-21.01
CI*_1139,C I*,1139.76590,0.0015,4620000.0,,,CI*,M03
CI**_1140,C I**,1140.11670,0.00358,18400000.0,,,CI**,M03
CI*_1140,C I*,1140.35760,0.00207,6380000.0,,,CI*,M03-21u
CI**_1140,C I**,1140.64150,0.00172,6280000.0,,,CI**,M03
CI_1155,C I,1155.80920,0.00492,8190000.0,12.011,,CI,M03-19u
CI*_1155,C I*,1155.97930,0.0025,37400000.0,,,CI*,M03
CI*_1156,C I*,1156.02860,0.00227,11300000.0,,,CI*,M03
CI*_1156,C I*,1156.19920,0.000799,2390000.0,,,CI*,M03
CI**_1156,C I**,1156.38950,0.00181,15100000.0,,,CI**,M03
CI**_1156,C I**,1156.56030,0.00539,26900000.0,,,CI**,M03
CI_1157,C I,1157.90970,0.0212,35100000.0,12.011,,CI,M03-16u
CI*_1156,C I*,1156.76970,0.00878,26200000.0,,,CI*,M03
CI*_1158,C I*,1158.12990,0.00397,19700000.0,,,CI*,M03
CI**_1158,C I**,1158.01880,0.0157,55600000.0,,,CI**,M03
CI**_1158,C I**,1158.13170,0.00519,25800000.0,,,CI**,M03
CI_1158,C I,1158.32400,0.00655,10900000.0,12.011,,CI,M03-15.01 Aki
CI*_1158,C I*,1158.54430,0.000675,3350000.0,,,CI*,M03 Aki
CI*_1158,C I*,1158.67440,0.00147,21900000.0,,,CI*,M03 Aki
CI**_1158,C I**,1158.39710,0.00165,8190000.0,,,CI**,M03 Aki
CI**_1158,C I**,1158.90680,0.00101,8360000.0,,,CI**,M03 Aki
CI_1188,C I,1188.83290,0.0124,19500000.0,12.011,,CI,M03-14u Aki
CI*_1188,C I*,1188.99280,0.00507,71700000.0,,,CI*,M03g Aki
CI*_1189,C I*,1189.06500,0.00426,20100000.0,,,CI*,M03g Aki
CI*_1189,C I*,1189.24880,0.00385,10900000.0,,,CI*,M03g Aki
CI**_1189,C I**,1189.44680,0.00376,29600000.0,,,CI**,M03g Aki
CI**_1189,C I**,1189.63070,0.0112,52700000.0,,,CI**,M03g Aki
CI_1192,C I,1192.21580,0.00137,2150000.0,12.011,,CI,M03-12u Aki
CI*_1192,C I*,1192.44920,0.00162,7600000.0,,,CI*,M03
CI_1193,C I,1193.03000,0.0409,63900000.0,12.011,,CI,M03-11u Aki
CI*_1193,C I*,1193.00850,0.0281,79000000.0,,,CI*,M03g Aki
CI*_1193,C I*,1193.26370,0.00913,42900000.0,,,CI*,M03g Aki
CI**_1193,C I**,1193.24010,0.0332,111000000.0,,,CI**,M03g Aki
CI**_1193,C I**,1193.39280,0.00738,34600000.0,,,CI**,M03g Aki
CI**_1193,C I**,1193.64830,0.000288,2250000.0,,,CI**,M03g Aki
CI*_1194,C I*,1194.30100,0.00905,4100000.0,,,CI*,M03-10u Aki
CI**_1194,C I**,1194.48850,0.00203,6770000.0,,,CI**,M03-10u Aki
CI_1193,C I,1193.99540,0.0124,19400000.0,12.011,,CI,M03-9.02 Aki
CI*_1193,C I*,1193.67860,0.00905,25400000.0,,,CI*,M03g Aki
CI*_1194,C I*,1194.22950,0.00178,8330000.0,,,CI*,M03g Aki
CI*_1194,C I*,1194.40550,0.00314,44000000.0,,,CI*,M03g Aki
CI**_1194,C I**,1194.06340,0.00636,29800000.0,,,CI**,M03g Aki
CI**_1194,C I**,1194.61460,0.00227,17700000.0,,,CI**,M03g Aki
CI_1260,C I,1260.73510,0.0507,240000000.0,12.011,,CI,M03g-9u
CI*_1260,C I*,1260.92620,0.0175,241000000.0,,,CI*,M03g
CI*_1260,C I*,1260.99610,0.0134,240000000.0,,,CI*,M03g
CI*_1261,C I*,1261.12240,0.0202,236000000.0,,,CI*,M03g
CI**_1261,C I**,1261.42550,0.0131,240000000.0,,,CI**,M03g
CI**_1261,C I**,1261.55190,0.0391,236000000.0,,,CI**,M03g
CI_1270,C I,1270.14320,0.000386,531000.0,12.011,,CI,M03-8.01u Aki
CI*_1270,C I*,1270.40810,4.51e-05,186000.0,,,CI*,M03 Aki
CI**_1270,C I**,1270.84400,1.45e-08,99.7,,,CI**,M03 Aki
CI_1276,C I,1276.48220,0.00589,8030000.0,12.011,,CI,M03-7.01u
CI*_1276,C I*,1276.74980,0.00308,12600000.0,,,CI*,M03
CI**_1277,C I**,1277.19000,0.000322,2200000.0,,,CI**,M03
CI_1277,C I,1277.24520,0.0853,232000000.0,12.011,,CI,M03g-7u
CI*_1277,C I*,1277.28270,0.0666,246000000.0,,,CI*,M03g
CI*_1277,C I*,1277.51310,0.021,232000000.0,,,CI*,M03g
CI**_1277,C I**,1277.55010,0.0763,244000000.0,,,CI**,M03g
CI**_1277,C I**,1277.72330,0.0153,246000000.0,,,CI**,M03g
CI**_1277,C I**,1277.95390,0.000817,232000000.0,,,CI**,M03g
CI*_1279,C I*,1279.05620,0.000708,1730000.0,,,CI*,M03-6u Aki
CI**_1279,C I**,1279.22900,0.00214,6240000.0,,,CI**,M03 Aki
CI**_1279,C I**,1279.49800,0.000456,1860000.0,,,CI**,M03 Aki
CI_1280,C I,1280.13520,0.0263,106000000.0,12.011,,CI,M03g-5u
CI*_1279,C I*,1279.89070,0.0143,117000000.0,,,CI*,M03g
CI*_1280,C I*,1280.40430,0.0044,106000000.0,,,CI*,M03g
CI*_1280,C I*,1280.59750,0.00704,105000000.0,,,CI*,M03g
CI**_1280,C I**,1280.33310,0.0152,117000000.0,,,CI**,M03g
CI**_1280,C I**,1280.84710,0.00522,106000000.0,,,CI**,M03g
CI*_1287,C I*,1287.60760,6.03e-05,146000.0,,,CI*,M03 Aki
CI**_1288,C I**,1288.05530,2.01e-05,80900.0,,,CI**,M03 Aki
CI_1328,C I,1328.83330,0.0758,288000000.0,12.011,,CI,M03g-4u
CI*_1329,C I*,1329.08490,0.0254,289000000.0,,,CI*,M03g
CI*_1329,C I*,1329.10040,0.0313,287000000.0,,,CI*,M03g
CI*_1329,C I*,1329.12330,0.0191,288000000.0,,,CI*,M03g
CI**_1329,C I**,1329.57750,0.0569,287000000.0,,,CI**,M03g
CI**_1329,C I**,1329.60040,0.0189,288000000.0,,,CI**,M03g
CI_1560,C I,1560.30920,0.0774,127000000.0,12.011,,CI,M03g-3u
CI*_1560,C I*,1560.68200,0.0581,127000000.0,,,CI*,M03g
CI*_1560,C I*,1560.70890,0.0193,127000000.0,,,CI*,M03g
CI**_1561,C I**,1561.33990,0.0116,127000000.0,,,CI**,M03 g
CI**_1561,C I**,1561.36680,0.000772,127000000.0,,,CI**,M03 g
CI**_1561,C I**,1561.43780,0.0649,127000000.0,,,CI**,M03 g
CI_1656,C I,1656.92840,0.149,360000000.0,12.011,,CI,M03g-2u
CI*_1656,C I*,1656.26720,0.0621,361000000.0,,,CI*,M03g Elow=16.417 /cm
CI*_1657,C I*,1657.37920,0.0371,360000000.0,,,CI*,M03g
CI*_1657,C I*,1657.90710,0.0494,360000000.0,,,CI*,M03g
CI**_1657,C I**,1657.00810,0.111,361000000.0,,,CI**,M03 g Elow=43.414 /cm
CI**_1658,C I**,1658.12110,0.0371,361000000.0,,,CI**,M03 g
CII_1334,C II,1334.53260,0.1278,288000000.0,,,CII,M03 g w:Nave/Clear20.
CII_1036,C II,1036.33670,0.118,2200000000.0,,,CII,M03 g
CII*_1335,C II*,1335.70820,0.115,288000000.0,,,CII*,M03 g Elow=63.42 cm^{-1} w:Nave/Clear20
CII*_1335,C II*,1335.66260,0.01277,288000000.0,,,CII*,M03 g w:Nave/Clear20
CII*_1037,C II*,1037.01820,0.118,2200000000.0,,,CII*,M03 g
CIII_1908,C III,1908.73400,1.232e-07,75.2,,,CIII,AR: FROM B.James atompar.dat
CIII_977,C III,977.02010,0.757,1760000000.0,,,CIII,M03 g
CIV_1548,C IV,1548.20400,0.1899,264200000.0,,,CIV,M03 g w:Griesman/Kling ApJ 2000
CIV_1550,C IV,1550.77755,0.09475,262800000.0,,,CIV,M03 g w:Petitjean/Aracil A&A 2004 w-ratio
NI_1200,N I,1200.70980,0.0432,400000000.0,14.00674,,NI,M03g A&G:6.496 ionization 15.58eV
NI_1200,N I,1200.22330,0.0869,402000000.0,14.00674,,NI,M03g
NI_1199,N I,1199.54960,0.132,407000000.0,14.00674,,NI,M03g
NI_1134,N I,1134.98030,0.0416,144000000.0,14.00674,,NI,M03g
NI_1134,N I,1134.41490,0.0278,149000000.0,14.00674,,NI,M03g
NI_1134,N I,1134.16530,0.0146,151000000.0,14.00674,,NI,M03g
NI_965,N I,965.04130,0.00386,81600000.0,14.00674,,NI,M03g
NI_964,N I,964.62560,0.0079,83100000.0,14.00674,,NI,M03g
NI_963,N I,963.99030,0.0124,85500000.0,14.00674,,NI,M03g
NI_954,N I,954.10420,0.004,141000000.0,14.00674,,NI,M03g
NI_953,N I,953.96990,0.0331,203000000.0,14.00674,,NI,M03g
NI_953,N I,953.65490,0.0247,210000000.0,14.00674,,NI,M03g
NI_953,N I,953.41520,0.0129,219000000.0,14.00674,,NI,M03g
NII_1083,N II,1083.99370,0.111,374000000.0,,,NII,M03g
NII_915,N II,915.61310,0.159,1270000000.0,,,NII,M03g
NIII_989,N III,989.79900,0.123,500000000.0,,,NIII,M03g
NV_1238,N V,1238.82100,0.156,339100000.0,,,NV,M03g
NV_1242,N V,1242.80400,0.077,335600000.0,,,NV,M03g
OI_1355,O I,1355.59770,1.16e-06,5560.0,15.9994,,OI,M03g A&G:7.377
OI_1302,O I,1302.16850,0.048,565000000.0,15.9994,,OI,M03 g
OI_1039,O I,1039.23040,0.00907,187000000.0,15.9994,,OI,M03 g
OI_1026,O I,1026.47570,8.71e-08,45800000.0,15.9994,,OI,M03 g plus two even weaker
OI_1025,O I,1025.76160,0.0163,102000000.0,15.9994,,OI,M03 g plus two weaker
OI_988,O I,988.77340,0.0465,226000000.0,15.9994,,OI,M03
OI_988,O I,988.65490,0.0083,56600000.0,15.9994,,OI,M03
OI_988,O I,988.57780,0.000553,6290000.0,15.9994,,OI,M03
OI_976,O I,976.44810,0.00331,80100000.0,15.9994,,OI,M03 gM91
OI_971,O I,971.73820,0.0116,85800000.0,15.9994,,OI,M03
OI_971,O I,971.73760,0.00207,14600000.0,15.9994,,OI,M03
OI_971,O I,971.73710,0.000138,1630000.0,15.9994,,OI,M03
OI_950,O I,950.88460,0.00158,38760000.0,15.9994,,OI,M03 gM91
OI_948,O I,948.68550,0.00631,29000000.0,15.9994,,OI,M03 gM91
OI_937,O I,937.84050,0.000877,11020000.0,15.9994,,OI,M03 gM91
OI_936,O I,936.62950,0.00365,17040000.0,15.9994,,OI,M03 gM91
OI_930,O I,930.25660,0.000537,6900000.0,15.9994,,OI,M03
OI_929,O I,929.51680,0.00229,10000000.0,15.9994,,OI,M03
OI_925,O I,925.44600,0.000354,4600000.0,15.9994,,OI,M03
OI_924,O I,924.95000,0.00154,10000000.0,15.9994,,OI,M03
OI_922,O I,922.20000,0.000245,3210000.0,15.9994,,OI,M03
OI_921,O I,921.85700,0.00108,10000000.0,15.9994,,OI,M03
OI_919,O I,919.91700,0.000177,2330000.0,15.9994,,OI,M03
OI_919,O I,919.65800,0.000792,10000000.0,15.9994,,OI,M03
OI_919,O I,919.22200,0.000132,1740000.0,15.9994,,OI,M03
OI_918,O I,918.04400,0.000614,10000000.0,15.9994,,OI,M03
OI_916,O I,916.96000,0.000101,1330000.0,15.9994,,OI,M03
OI_916,O I,916.81500,0.000474,10000000.0,15.9994,,OI,"M03 ..and more, but with high Lyman series."
OI*_1304,O I*,1304.85760,0.0478,565000000.0,,,OI*,M03g LL: 158.265
OI*_1358,O I*,1358.51230,6.27e-07,5560.0,,,OI*,M03
OI**_1306,O I**,1306.02860,0.0478,565000000.0,,,OI**,M03g LL: 226.977
OII_834,O II,834.46550,0.132,200000000.0,,,OII,VBT
OII_833,O II,833.32940,0.0886,200000000.0,,,OII,VBT
OII_832,O II,832.75720,0.0444,200000000.0,,,OII,VBT
OIII_832,O III,832.92700,0.107,200000000.0,,,OIII,VBT
OIII_702,O III,702.33200,0.137,200000000.0,,,OIII,VBT
OIV_787,O IV,787.71100,0.11,200000000.0,,,OIV,VBT
OVI_1031,O VI,1031.92610,0.1325,414900000.0,,,OVI,M03g
OVI_1037,O VI,1037.61670,0.0658,407600000.0,,,OVI,M03g
OVII_21,O VII,21.60169,0.696,3320000000000.0,,,OVII,
OVII_18,O VII,18.62799,0.146,935000000000.0,,,OVII,
FI_954,F I,954.82670,0.0817,714000000.0,19.0,,FI,A&G:2.926
FI_951,F I,951.87070,0.0165,716000000.0,19.0,,FI,
NeVIII_780,NeVIII,780.32400,0.0505,100000000.0,20.18,,NeVIII,VBT A&G:6.537
NeVIII_770,NeVIII,770.40900,0.103,100000000.0,20.18,,NeVIII,VBT
NaI_5891,NaI,5891.58330,0.6408,61570000.0,22.989768,,NaI,M03g A&G:4.759
NaI_5897,NaI,5897.55810,0.3201,61390000.0,22.989768,,NaI,M03g
NaI_3303,NaI,3303.36900,0.0092,9641000.0,22.989768,,NaI,M03 M91g
NaI_3303,NaI,3303.97800,0.0046,9639000.0,22.989768,,NaI,M03 M91g
NaI_2853,NaI,2853.01200,0.000677,554000.0,22.989768,,NaI,M03
NaI_2852,NaI,2852.81100,0.00135,554000.0,22.989768,,NaI,M03
MgI_2852,MgI,2852.96328,1.83,500000000.0,24.305,86.0,MgI,M03g w:SalumbidesMN06 A&G:6.031
MgI_2026,MgI,2026.47680,0.113,61200000.0,24.305,,MgI,M03
MgI_1827,MgI,1827.93510,0.0242,16100000.0,24.305,,MgI,M03
MgI_1747,MgI,1747.79370,0.00908,6610000.0,24.305,,MgI,M03
MgI_1707,MgI,1707.06060,0.00437,3330000.0,24.305,,MgI,M03
MgI_1683,MgI,1683.41160,0.00249,1950000.0,24.305,,MgI,M03 Aki
MgI_1668,MgI,1668.42880,0.0016,1280000.0,24.305,,MgI,M03 Aki
MgII_2796,MgII,2796.35427,0.6155,268000000.0,24.305,211.0,MgII,w:Murphy M03g
MgII_2803,MgII,2803.53149,0.3058,266000000.0,24.305,120.0,MgII,w:Murphy M03g
MgII_1240,MgII,1240.39470,0.000356,1540000.0,24.305,,MgII,M03
MgII_1239,MgII,1239.92530,0.000632,1370000.0,24.305,,MgII,M03
MgII_1026,MgII,1026.11340,0.000392,2480000.0,24.305,,MgII,M03
MgII_1025,MgII,1025.96810,0.000743,2350000.0,24.305,,MgII,M03
MgX_624,MgX,624.95000,0.041,200000000.0,,,MgX,VBT
MgX_609,MgX,609.79000,0.0842,200000000.0,,,MgX,VBT
AlI_3945,AlI,3945.12240,0.116,148000000.0,26.981539,,AlI,M03g A&G:4.929
AlI_3083,AlI,3083.04620,0.177,74500000.0,26.981539,,AlI,M03g
AlI_2367,AlI,2367.77500,0.106,75800000.0,26.981539,,AlI,M03g
AlI_2264,AlI,2264.16470,0.0892,71400000.0,26.981539,,AlI,M03g
AlII_1670,AlII,1670.78860,1.74,1390000000.0,,,AlII,M03g w:Griesmann
AlIII_1862,AlIII,1862.79113,0.278,534000000.0,,,AlIII,M03g w:Griesmann
AlIII_1854,AlIII,1854.71829,0.559,542000000.0,,,AlIII,M03g w:Griesmann
SiI_2515,SiI,2515.07250,0.211,222000000.0,28.0855,,SiI,M03g A&G:6.000
SiI_1845,SiI,1845.52050,0.27,176000000.0,28.0855,,SiI,M03
SiI_1693,SiI,1693.29390,0.156,121000000.0,28.0855,,SiI,M03
SiI_1631,SiI,1631.17000,0.2051,171400000.0,28.0855,,SiI,M91 (M03:no f-value)
SiI_1562,SiI,1562.00200,0.3758,342500000.0,28.0855,,SiI,M91 (M03:no f-value)
SiI_1255,SiI,1255.27200,0.289,0.0,28.0855,,SiI,AR: From B. James atompar.dat
SiII_2335,SiII,2335.12390,4.25e-06,9610.0,,,SiII,M03g w:Nave/Clear20.
SiII_1808,SiII,1808.01278,0.00208,2380000.0,,,SiII,M03g w:Nave/Clear20.
SiII_1526,SiII,1526.70698,0.133,1130000000.0,,,SiII,"M03g """
SiII_1304,SiII,1304.37070,0.0863,1010000000.0,,,SiII,"M03g """
SiII_1260,SiII,1260.42174,1.18,2950000000.0,,,SiII,"M03g """
SiII_1193,SiII,1193.28941,0.582,4070000000.0,,,SiII,"M03g """
SiII_1190,SiII,1190.41555,0.292,4080000000.0,,,SiII,"M03g """
SiII_1020,SiII,1020.69850,0.0168,668000000.0,,,SiII,"M03/M91g """
SiII_989,SiII,989.87283,0.171,667300000.0,,,SiII,"M03/M91g """
SiII*_1817,SiII*,1817.45112,0.000129,2380000.0,,,SiII*,M03g LL: 287.24 w:Nave/Clear20
SiII*_1816,SiII*,1816.92840,0.00166,2240000.0,,,SiII*,M03g
SiII*_1533,SiII*,1533.43160,0.132,1130000000.0,,,SiII*,M03g
SiII*_1309,SiII*,1309.27570,0.086,1010000000.0,,,SiII*,M03g
SiII*_1265,SiII*,1265.00200,0.117,2950000000.0,,,SiII*,M03g
SiII*_1264,SiII*,1264.73770,1.05,2930000000.0,,,SiII*,M03g
SiII*_1197,SiII*,1197.39380,0.145,4070000000.0,,,SiII*,M03g
SiII*_1194,SiII*,1194.50020,0.727,4080000000.0,,,SiII*,M03g
SiII*_1023,SiII*,1023.70020,0.0168,213000000.0,,,SiII*,M03g
SiII*_992,SiII*,992.69560,0.017,115000000.0,,,SiII*,M03g
SiII*_992,SiII*,992.68280,0.153,691000000.0,,,SiII*,M03g
SiIII_1206,SiIII,1206.50000,1.61,2480000000.0,,,SiIII,f:Cashman+ ApJS230 8 2017 was f=1.63 M03g
SiIII_1892,SiIII,1892.03000,2.689e-05,16700.0,,,SiIII,f:Cashman+ ApJS230 8 2017 was f=1.63 M03g
SiIV_1393,SiIV,1393.76018,0.513,880000000.0,,,SiIV,M03g w:Griesmann
SiIV_1402,SiIV,1402.77291,0.254,862000000.0,,,SiIV,M03g w:Griesmann
PI_1774,P I,1774.94870,0.169,238000000.0,30.973762,,PI,M03g A&G:4.017
PI_1782,P I,1782.82910,0.113,238000000.0,30.973762,,PI,M03g
PII_1532,P II,1532.53300,0.00303,4770000.0,,,PII,M03g
PII_1301,P II,1301.87430,0.0196,48200000.0,,,PII,f:Brown+ ApJ868 42 2018 replaces 1.27e-2 M03g
PII_1152,P II,1152.81800,0.245,1230000000.0,,,PII,M03g
PII_963,P II,963.80050,1.458,4140000000.0,,,PII,M03g
PII_961,P II,961.04120,0.3489,5090000000.0,,,PII,M03g
PIII_1334,P III,1334.81320,0.0282,63200000.0,,,PIII,M03g
PIII_997,P III,997.99960,0.1117,2220000000.0,,,PIII,M03g
PIII_917,P III,917.11780,0.404,4780000000.0,,,PIII,M03g
PIII_913,P III,913.96830,0.203,4790000000.0,,,PIII,M03g
PIV_950,P IV,950.65690,1.49,3670000000.0,,,PIV,M03g
PV_1128,P V,1128.00780,0.233,1220000000.0,,,PV,M03g
PV_1117,P V,1117.97740,0.472,1260000000.0,,,PV,M03g
SI_1807,S I,1807.31130,0.0905,533000000.0,32.066,,SI,M03g A&G:5.712
SI_1473,S I,1473.99430,0.0828,182000000.0,32.066,,SI,M03
SI_1295,S I,1295.65310,0.087,346000000.0,32.066,,SI,M03
SII_1259,S II,1259.51900,0.0166,46500000.0,,,SII,M03g Ritz wavelength 3/3/2011
SII_1253,S II,1253.81100,0.0109,46200000.0,,,SII,M03g Ritz NIST Atomic spectra database
SII_1250,S II,1250.58400,0.00543,46300000.0,,,SII,M03g Ritz
SIII_1190,S III,1190.20300,0.0237,66500000.0,,,SIII,M03g
SIII_1012,S III,1012.49500,0.0438,281000000.0,,,SIII,M03g
SIV_1062,S IV,1062.66400,0.0494,169000000.0,,,SIV,M03g
SIV*_1072,S IV*,1072.97300,0.0422,163000000.0,,,SIV*,M03g Elow=951.43 cm^{-1}
SIV*_1073,S IV*,1073.51800,0.00389,169000000.0,,,SIV*,M03g
SVI_944,S VI,944.52300,0.215,1610000000.0,,,SVI,M03g
SVI_933,S VI,933.37800,0.437,1670000000.0,,,SVI,M03g
ClI_1347,ClI,1347.23960,0.153,662000000.0,35.4527,,ClI,M03g A&G:3.719
ClII_1071,ClII,1071.03600,0.0144,662000000.0,35.4527,,ClII,!NIST Database
ArI_1066,ArI,1066.65980,0.0675,132000000.0,39.948,,ArI,M03g A&G:5.004
ArI_1048,ArI,1048.21990,0.263,31800000.0,39.948,,ArI,M03g
CaI_4227,CaI,4227.91800,1.77,220000000.0,40.078,,CaI,M03g A&G:4.786
CaI_2276,CaI,2276.16900,0.0661,28400000.0,40.078,,CaI,M03g
CaII_3934,CaII,3934.77500,0.6267,144400000.0,,,CaII,M03g
CaII_3969,CaII,3969.59010,0.3116,140900000.0,,,CaII,M03g
ScII_3643,ScII,3643.82200,0.375,161000000.0,44.96,,ScII,M03g IP=12.80
ScII_3581,ScII,3581.94700,0.237,213000000.0,44.96,,ScII,M03g
ScII_3568,ScII,3568.71500,0.111,213000000.0,44.96,,ScII,M03g
ScII_2563,ScII,2563.95800,0.0887,270000000.0,44.96,,ScII,M03g
ScIII_1610,ScIII,1610.19400,0.0866,446000000.0,,,ScIII,M03g
ScIII_1603,ScIII,1603.06400,0.0175,45600000.0,,,ScIII,M03g
TiII_3384,TiII,3384.73040,0.358,175000000.0,47.88,,TiII,M03g
TiII_3242,TiII,3242.91840,0.232,244000000.0,47.88,,TiII,M03g
TiII_3230,TiII,3230.12210,0.0687,244000000.0,47.88,,TiII,M03g
TiII_3073,TiII,3073.86330,0.121,256000000.0,47.88,,TiII,M03g
TiII_3067,TiII,3067.23790,0.0489,250000000.0,47.88,,TiII,M03g
TiII_1910,TiII,1910.95380,0.098,143000000.0,47.88,,TiII,M03g
TiII_1910,TiII,1910.61230,0.104,417000000.0,47.88,,TiII,M03g
TiIII_1298,TiIII,1298.69700,0.0964,635000000.0,,,TiIII,M03
TiIII_1295,TiIII,1295.88400,0.0418,166000000.0,,,TiIII,M03
VII_2740,V II,2740.52500,0.101,30000000.0,50.94,,VII,M03g Aki only
VII_2706,V II,2706.02100,0.0142,213000000.0,50.94,,VII,M03g
VII_2683,V II,2683.88700,0.109,286000000.0,50.94,,VII,M03
VII_2141,V II,2141.76700,0.00805,3900000.0,50.94,,VII,M03 Aki only
VII_2138,V II,2138.82700,0.082,40000000.0,50.94,,VII,M03 Aki
VII_1106,V II,1106.57100,0.123,224000000.0,50.94,,VII,M03 Aki
VII_1106,V II,1106.44900,0.0239,43400000.0,50.94,,VII,M03 Aki
VII_1104,V II,1104.33200,0.00356,6500000.0,50.94,,VII,M03 Aki
CrII_2066,CrII,2066.16403,0.0512,417000000.0,51.9961,-1334.0,CrII,"M03g w:MN,300,131"
CrII_2062,CrII,2062.23610,0.0759,406000000.0,51.9961,-1251.0,CrII,"M03g w:MN,300,131"
CrII_2056,CrII,2056.25693,0.103,407000000.0,51.9961,-1107.0,CrII,"M03g w:MN,300,131"
CrII_2026,CrII,2026.45760,0.0013,2110000.0,51.9961,,CrII,AR: FROM NIST DATABASE:23022024
MnII_2606,MnII,2606.46200,0.198,272000000.0,54.93805,,MnII,M03g
MnII_2594,MnII,2594.49900,0.28,278000000.0,54.93805,,MnII,M03g
MnII_2576,MnII,2576.87700,0.361,282000000.0,54.93805,,MnII,M03g
MnII_1201,MnII,1201.11800,0.121,785000000.0,54.93805,,MnII,M03
MnII_1199,MnII,1199.39100,0.169,785000000.0,54.93805,,MnII,M03
MnII_1197,MnII,1197.18400,0.217,784000000.0,54.93805,,MnII,M03
MnII_1162,MnII,1162.01500,0.0102,39000000.0,54.93805,,MnII,M03
FeI_3720,FeI,3720.99252,0.0411,16300000.0,55.847,,FeI,M03g A&G:5.954 w:Nave/Clear20
FeI_3021,FeI,3021.51846,0.104,169000000.0,55.847,,FeI,M03g w:Nave/Clear20
FeI_2967,FeI,2967.76446,0.0438,127000000.0,55.847,,FeI,"M03g """
FeI_2719,FeI,2719.83269,0.122,175000000.0,55.847,,FeI,"M03g """
FeI_2523,FeI,2523.60810,0.203,385000000.0,55.847,,FeI,"M03g """
FeI_2501,FeI,2501.88564,0.0493,385000000.0,55.847,,FeI,"M03g """
FeI_2484,FeI,2484.02069,0.544,500000000.0,55.847,,FeI,"M03g """
FeI_2463,FeI,2463.39197,0.0532,500000000.0,55.847,,FeI,"M03g """
FeI_2298,FeI,2298.87669,0.0245,135000000.0,55.847,,FeI,"M03g """
FeI_2167,FeI,2167.45313,0.15,274000000.0,55.847,,FeI,"M03 """
FeI_2132,FeI,2132.69000,0.0052,600000000.0,55.847,,FeI,Kurucz
FeI_2084,FeI,2084.78500,0.0189,600000000.0,55.847,,FeI,Kurucz
FeI_1937,FeI,1937.26800,0.00945,21610000.0,55.847,,FeI,Kurucz
FeI_1934,FeI,1934.53510,0.0111,25500000.0,55.847,,FeI,M03 Aki
FeI_1875,FeI,1875.15800,0.00874,16590000.0,55.847,,FeI,Kurucz
FeI_1851,FeI,1851.69000,0.0222,55580000.0,55.847,,FeI,M03w Kuruczgf GF value 0.2 J=4
FeII_2600,FeII,2600.17248,0.2394,270000000.0,55.847,1356.0,FeII,"M03g w:Murphy f:ApJ,452,275"
FeII_2586,FeII,2586.64957,0.069125,272000000.0,55.847,1520.0,FeII,"M03g w:Murphy f:ApJ,452,275"
FeII_2382,FeII,2382.76418,0.32,313000000.0,55.847,1498.0,FeII,M03g
FeII_2374,FeII,2374.46033,0.0313,309000000.0,55.847,1640.0,FeII,M03g
FeII_2367,FeII,2367.58959,2.16e-05,307000000.0,55.847,,FeII,M03g
FeII_2344,FeII,2344.21296,0.1142,268000000.0,55.847,1254.0,FeII,"M03g f:Cardelli ApJ,452,275"
FeII_2260,FeII,2260.78050,0.00244,258000000.0,55.847,,FeII,M03g
FeII_2234,FeII,2234.44720,2.52e-05,275000000.0,55.847,,FeII,M03g
FeII_2249,FeII,2249.87680,0.001821,331000000.0,55.847,,FeII,M03g
FeII_1901,FeII,1901.77300,7e-05,161000.0,55.847,,FeII,55.847M03
FeII_1611,FeII,1611.20034,0.00138,286000000.0,55.847,1050.0,FeII,"M03g w:JOPTScAmB 8,2028"
FeII_1608,FeII,1608.45085,0.0577,274000000.0,55.847,-1200.0,FeII,"M03 w:JOPTScAmB 8,2028"
FeII_1588,FeII,1588.68760,0.000148,489000.0,55.847,,FeII,M03
FeII_1260,FeII,1260.53300,0.024,126000000.0,55.847,,FeII,M03
FeII_1144,FeII,1144.93790,0.083,352000000.0,55.847,,FeII,M03
FeII_1143,FeII,1143.22600,0.0192,98100000.0,55.847,,FeII,M03
FeII_1142,FeII,1142.36560,0.00401,25600000.0,55.847,,FeII,M03
FeII_1133,FeII,1133.66540,0.00472,30600000.0,55.847,,FeII,M03
FeII_1127,FeII,1127.09840,0.00112,5890000.0,55.847,,FeII,M03
FeII_1125,FeII,1125.44770,0.0156,103000000.0,55.847,,FeII,M03
FeII_1121,FeII,1121.97480,0.029,192000000.0,55.847,,FeII,M03 fik 10% smaller (J2347 z=2.33)?
FeII_1112,FeII,1112.04800,0.00446,20000000.0,55.847,,FeII,M03
FeII_1106,FeII,1106.35960,0.000394,2150000.0,55.847,,FeII,M03
FeII_1096,FeII,1096.87690,0.0327,226000000.0,55.847,,FeII,M03
FeII_1083,FeII,1083.42040,0.0028,200000000.0,55.847,,FeII,M03
FeII_1081,FeII,1081.87480,0.0126,200000000.0,55.847,,FeII,M03
FeII_1063,FeII,1063.97180,0.00475,35000000.0,55.847,,FeII,M03
FeII_1063,FeII,1063.17640,0.0547,323000000.0,55.847,,FeII,M03
FeII_1062,FeII,1062.15170,0.00291,17200000.0,55.847,,FeII,M03
FeII_1055,FeII,1055.26170,0.00615,46100000.0,55.847,,FeII,M03
FeII*_2612,FeII*,2612.65420,0.126,272000000.0,,,FeII*,M03 gd:384.790
FeII*_2599,FeII*,2599.14650,0.108,275000000.0,,,FeII*,M03
FeII*_2396,FeII*,2396.35590,0.288,309000000.0,,,FeII*,M03
FeII*_2389,FeII*,2389.35820,0.0825,307000000.0,,,FeII*,M03
FeII*_2383,FeII*,2383.78840,0.00557,300000000.0,,,FeII*,M03
FeII*_2365,FeII*,2365.55180,0.0495,268000000.0,,,FeII*,M03
FeII*_2333,FeII*,2333.51560,0.0778,262000000.0,,,FeII*,M03
FeIII_1214,FeIII,1214.56200,0.000239,1390000.0,,,FeIII,M03
FeIII_1122,FeIII,1122.52400,0.0544,370000000.0,,,FeIII,M03
CoII_2059,CoII,2059.47560,0.00751,278000000.0,58.9332,,CoII,M03g
CoII_2026,CoII,2026.41220,0.0125,303000000.0,58.9332,,CoII,M03g
CoII_2012,CoII,2012.16640,0.0368,345000000.0,58.9332,,CoII,M03g
CoII_1941,CoII,1941.28520,0.034,435000000.0,58.9332,,CoII,M03g
CoII_1574,CoII,1574.55080,0.025,67300000.0,58.9332,,CoII,M03
CoII_1572,CoII,1572.64890,0.012,41600000.0,58.9332,,CoII,M03
CoII_1552,CoII,1552.76240,0.0116,32100000.0,58.9332,,CoII,M03
CoII_1480,CoII,1480.95460,0.0119,46500000.0,58.9332,,CoII,M03
CoII_1466,CoII,1466.21100,0.031,37800000.0,58.9332,,CoII,M03
CoII_1424,CoII,1424.78660,0.0109,35800000.0,58.9332,,CoII,M03
NiI_2320,NiI,2320.74680,0.685,694000000.0,58.69,,NiI,M03
NiI_2311,NiI,2311.66900,0.3765,470000000.0,58.69,,NiI,M91(M03-no f)
NiII_1751,NiII,1751.91553,0.0277,370000000.0,58.69,-700.0,NiII,M03g w:Nave/Clear20
NiII_1741,NiII,1741.55319,0.0427,500000000.0,58.69,-1400.0,NiII,"M03g """
NiII_1709,NiII,1709.60430,0.0324,435000000.0,58.69,-20.0,NiII,"M03g """
NiII_1703,NiII,1703.41227,0.01224,500000000.0,58.69,,NiII,"f:Berengut arXiv1011.4136 """
NiII_1502,NiII,1502.15259,0.006,39320000.0,58.69,,NiII,f:Berengut w:Nave/Clear20
NiII_1467,NiII,1467.76033,0.0099,23000000.0,58.69,,NiII,M03 w:Nave/Clear20
NiII_1467,NiII,1467.26335,0.0063,29300000.0,58.69,,NiII,"M03 """
NiII_1454,NiII,1454.84653,0.0323,102000000.0,58.69,,NiII,"M03 """
NiII_1393,NiII,1393.32727,0.0101,34700000.0,58.69,,NiII,M03 Berengut f=0.0222 too strong 1331 w:Nave/Clear20
NiII_1370,NiII,1370.13652,0.0588,410000000.0,58.69,,NiII,fik from Jenkins/Tripp M03 was f=0.0769 w:Nave/Clear20
NiII_1317,NiII,1317.22053,0.0571,420500000.0,58.69,,NiII,f Jenkins/Tripp 2006 M91 f 0.07786 Berengut f 0.146 1331+170 => ~1370 w:Nave/Clear20
CuII_1367,CuII,1367.95090,0.179,623000000.0,63.546,,CuII,M03g
CuII_1358,CuII,1358.77300,0.263,720000000.0,63.546,,CuII,M03g (Hobbsetal_ApJ411_750_1993 f=0.380)
ZnI_2138,ZnI,2138.57350,1.47,714000000.0,65.39,,ZnI,M03
ZnII_2062,ZnII,2062.66045,0.246,386000000.0,65.39,1577.0,ZnII,"M03g w:MN,300,131 f=0.309 A=4.85E8 Kisielius+ApJ804,76,2015"
ZnII_2026,ZnII,2026.13709,0.501,407000000.0,65.39,2479.0,ZnII,"M03g w:MN,300,131 f=0.630 5.12E8 APJ804..."
GaII_1414,GaII,1414.40200,1.77,1970000000.0,69.723,,GaII,M03g
GeII_1602,GeII,1602.48630,0.144,1060000000.0,72.61,,GeII,M01g abund=115
GeII_1237,GeII,1237.05910,1.23,2680000000.0,72.61,,GeII,M01
GeII_1164,GeII,1164.27200,0.28,1380000000.0,72.61,,GeII,M01
AsII_1263,AsII,1263.77000,0.259,361000000.0,74.92,,AsII,M00 Aki
AsII_1207,AsII,1207.44900,0.0234,35600000.0,74.92,,AsII,M00 Aki
AsII_1181,AsII,1181.53800,0.0309,49200000.0,74.92,,AsII,M00 Aki
SeI_1530,SeI,1530.45700,0.26,528000000.0,78.96,,SeI,M01 abund 67
SeI_1405,SeI,1405.38200,0.105,254000000.0,78.96,,SeI,M01
SeI_1353,SeI,1353.89900,0.0503,131000000.0,78.96,,SeI,M01
SeII_1049,SeII,1049.64800,0.0823,996000000.0,,,SeII,M01
SeII_1033,SeII,1033.55600,0.165,1030000000.0,,,SeII,M01
SeII_1013,SeII,1013.43400,0.263,1140000000.0,,,SeII,M01
BrI_1540,BrI,1540.66100,0.0771,239000000.0,79.9,,BrI,M00
BrI_1488,BrI,1488.45900,0.0669,222000000.0,79.9,,BrI,M00
KrI_1235,KrI,1235.83800,0.204,298000000.0,83.8,,KrI,M01g abund 47
KrI_1164,KrI,1164.86720,0.188,309000000.0,83.8,,KrI,M01g
SrI_4608,SrI,4608.61700,2.01,210000000.0,87.62,,SrI,M01g abund 27
SrI_2570,SrI,2570.23800,0.0166,221000000.0,87.62,,SrI,M01g
SrI_2428,SrI,2428.82800,0.0468,183000000.0,87.62,,SrI,M01g
SrI_2355,SrI,2355.02900,0.0479,19200000.0,87.62,,SrI,M01
SrI_2307,SrI,2307.97400,0.0288,12000000.0,87.62,,SrI,M01
SrII_4216,SrII,4216.70700,0.334,135000000.0,,,SrII,M01g
SrII_4078,SrII,4078.86100,0.701,150000000.0,,,SrII,M01g
SrII_1793,SrII,1793.08800,0.0056,100000000.0,,,SrII,M01 f Kurucz
SrII_1783,SrII,1783.87000,0.00069,100000000.0,,,SrII,M01 f Kurucz
YII_3112,Y II,3112.93200,0.00654,348000000.0,88.91,,YII,M00
ZrII_3573,ZrII,3573.48790,0.167,100000000.0,91.22,,ZrII,M01 f Kurucz abund=6.8
ZrII_3389,ZrII,3389.26750,0.065,100000000.0,91.22,,ZrII,M01 f Kurucz
ZrII_3358,ZrII,3358.22630,0.046,100000000.0,91.22,,ZrII,M01 f Kurucz
ZrII_3273,ZrII,3273.16510,0.05,100000000.0,91.22,,ZrII,M01 f Kurucz
ZrII_3285,ZrII,3285.65810,0.083,100000000.0,91.22,,ZrII,M01 f Kurucz
ZrII_3209,ZrII,3209.24010,0.01,100000000.0,91.22,,ZrII,M01 f Kurucz
ZrII_2762,ZrII,2762.69300,0.01,100000000.0,91.22,,ZrII,Kurucz
ZrII_2759,ZrII,2759.60700,0.091,100000000.0,91.22,,ZrII,Kurucz
ZrII_2743,ZrII,2743.34900,0.204,100000000.0,91.22,,ZrII,Kurucz
ZrII_2712,ZrII,2712.30600,0.049,100000000.0,91.22,,ZrII,Kurucz
ZrII_2568,ZrII,2568.42400,0.135,100000000.0,91.22,,ZrII,Kurucz
ZrII_2551,ZrII,2551.51800,0.05,100000000.0,91.22,,ZrII,Kurucz
ZrIII_1798,ZrIII,1798.04800,0.178,613000000.0,,,ZrIII,M01
NbII_2866,NbII,2866.45200,0.0603,175000000.0,92.91,,NbII,M00
NbII_2668,NbII,2668.08800,0.0955,323000000.0,92.91,,NbII,M00
RuII_1888,RuII,1888.04300,0.0293,256000000.0,101.07,,RuII,M00
PdII_1403,PdII,1403.55200,0.0328,83400000.0,106.42,,PdII,M00 Aki
PdII_1367,PdII,1367.70000,0.0712,254000000.0,106.42,,PdII,M00 Aki
PdII_1374,PdII,1374.84300,0.036,127000000.0,106.42,,PdII,M00 Aki
PdII_1320,PdII,1320.01800,0.122,468000000.0,106.42,,PdII,M00 Aki
PdII_1235,PdII,1235.19100,0.04,262000000.0,106.42,,PdII,M00 Aki
PdII_1218,PdII,1218.61800,0.0585,263000000.0,106.42,,PdII,M00 Aki
PdII_1203,PdII,1203.96000,0.132,454000000.0,106.42,,PdII,M00 Aki
AgII_1195,AgII,1195.88300,0.0369,345000000.0,107.87,,AgII,M00
AgII_1112,AgII,1112.48300,0.429,1200000000.0,107.87,,AgII,M00
AgII_1107,AgII,1107.07200,0.382,1090000000.0,107.87,,AgII,M00
CdII_2265,CdII,2265.71520,0.247,321000000.0,112.41,,CdII,M00
CdII_2145,CdII,2145.06970,0.498,361000000.0,112.41,,CdII,M00
SnII_1400,SnII,1400.45000,1.09,100000000.0,118.0,,SnII,! f:Andersen/Lindgard JPhysB_10_2359_1977 ab=3.6
HgII_1649,HgII,1649.94700,0.83,100000000.0,200.0,,HgII,Kurucz ab=0.4
PbII_1433,PbII,1433.90500,0.87,100000000.0,206.0,,PbII,Kurucz ab=4
C12I**_1658,C12I**,1658.12055,0.0371,361000000.0,12.0,,C12I**,Haridass&Huber94 f M03 1658.1206 Lai/Ubachs..20 w:Haris Kraisa ApJS17
C12I*_1657,C12I*,1657.90651,0.0494,360000000.0,,,C12I*,HH Lai 1657.9068
C12I*_1657,C12I*,1657.37864,0.0371,360000000.0,,,C12I*,HH L 1657.3788
C12I**_1657,C12I**,1657.00751,0.111,361000000.0,12.0,,C12I**,HH Elow=43.414/cm L 1657.0077
C12I_1656,C12I,1656.92781,0.149,360000000.0,,,C12I,HH L 1656.9277
C12I*_1656,C12I*,1656.26659,0.0621,361000000.0,,,C12I*,HH Elow=16.417 /cm L 1656.2667
C12I**_1561,C12I**,1561.43752,0.0649,127000000.0,12.0,,C12I**,HH M03 g
C12I**_1561,C12I**,1561.36611,0.000772,127000000.0,12.0,,C12I**,HH M03 g
C12I**_1561,C12I**,1561.33942,0.0116,127000000.0,12.0,,C12I**,HH M03 g
C12I*_1560,C12I*,1560.70824,0.0193,127000000.0,,,C12I*,HH M03g
C12I*_1560,C12I*,1560.68158,0.0581,127000000.0,,,C12I*,HH M03g
C12I_1560,C12I,1560.30846,0.0774,127000000.0,,,C12I,HH M03g-3u
C12I**_1329,C12I**,1329.60013,0.0189,288000000.0,12.0,,C12I**,HH M03g
C12I**_1329,C12I**,1329.57729,0.0569,287000000.0,12.0,,C12I**,HH M03g
C12I*_1329,C12I*,1329.12305,0.0191,288000000.0,,,C12I*,HH M03g
C12I*_1329,C12I*,1329.10022,0.0313,287000000.0,,,C12I*,HH M03g
C12I*_1329,C12I*,1329.08475,0.0254,289000000.0,,,C12I*,HH M03g
C12I_1328,C12I,1328.83276,0.0758,288000000.0,,,C12I,HH M03g-4u
C12I**_1288,C12I**,1288.05527,2.01e-05,80900.0,12.0,,C12I**,M03 Aki
C12I*_1287,C12I*,1287.60753,6.03e-05,146000.0,,,C12I*,M03 Aki
C12I**_1280,C12I**,1280.84663,0.00522,106000000.0,12.0,,C12I**,M03g
C12I*_1280,C12I*,1280.59692,0.00704,105000000.0,,,C12I*,M03g
C12I*_1280,C12I*,1280.40388,0.0044,106000000.0,,,C12I*,M03g
C12I**_1280,C12I**,1280.33276,0.0152,117000000.0,12.0,,C12I**,M03g
C12I_1280,C12I,1280.13479,0.0263,106000000.0,,,C12I,M03g-5u
C12I*_1279,C12I*,1279.89037,0.0143,117000000.0,,,C12I*,M03g
C12I**_1279,C12I**,1279.49757,0.000456,1860000.0,12.0,,C12I**,M03 Aki
C12I**_1279,C12I**,1279.22834,0.00214,6240000.0,12.0,,C12I**,M03 Aki
C12I*_1279,C12I*,1279.05575,0.000708,1730000.0,,,C12I*,M03-6u
C12I**_1277,C12I**,1277.95365,0.000817,232000000.0,12.0,,C12I**,M03g
C12I**_1277,C12I**,1277.72286,0.0153,246000000.0,12.0,,C12I**,M03g
C12I**_1277,C12I**,1277.54951,0.0763,244000000.0,12.0,,C12I**,M03g
C12I*_1277,C12I*,1277.51290,0.021,232000000.0,,,C12I*,M03g
C12I*_1277,C12I*,1277.28227,0.0666,246000000.0,,,C12I*,M03g
C12I_1277,C12I,1277.24503,0.0853,232000000.0,,,C12I,M03g-7u
C12I**_1277,C12I**,1277.19002,0.000322,2200000.0,12.0,,C12I**,M03
C12I*_1276,C12I*,1276.74980,0.00308,12600000.0,,,C12I*,M03
C12I_1276,C12I,1276.48225,0.00589,8030000.0,,,C12I,M03-7.01u -
C12I**_1270,C12I**,1270.84370,1.45e-08,99.7,12.0,,C12I**,M03 Aki
C12I*_1270,C12I*,1270.40784,4.51e-05,186000.0,,,C12I*,M03 Aki
C12I_1270,C12I,1270.14294,0.000386,531000.0,,,C12I,M03-8.01u Aki
C12I**_1261,C12I**,1261.55181,0.0391,236000000.0,12.0,,C12I**,M03g
C12I**_1261,C12I**,1261.42544,0.0131,240000000.0,12.0,,C12I**,M03g
C12I*_1261,C12I*,1261.12230,0.0202,236000000.0,,,C12I*,M03g
C12I*_1260,C12I*,1260.99601,0.0134,240000000.0,,,C12I*,M03g
C12I*_1260,C12I*,1260.92638,0.0175,241000000.0,,,C12I*,M03g
C12I_1260,C12I,1260.73502,0.0507,240000000.0,,,C12I,M03g-9u end Haris/K
C12I**_1194,C12I**,1194.61460,0.00227,17700000.0,12.0,,C12I**,M03g Aki C12=C from here
C12I**_1194,C12I**,1194.48850,0.00203,6770000.0,12.0,,C12I**,M03-10u Aki
C12I*_1194,C12I*,1194.40550,0.00314,44000000.0,,,C12I*,M03g Aki
C12I*_1194,C12I*,1194.30100,0.00905,4100000.0,,,C12I*,M03-10u Aki
C12I*_1194,C12I*,1194.22950,0.00178,8330000.0,,,C12I*,M03g Aki
C12I**_1194,C12I**,1194.06340,0.00636,29800000.0,12.0,,C12I**,M03g Aki
C12I_1193,C12I,1193.99540,0.0124,19400000.0,,,C12I,M03-9.02 Aki
C12I*_1193,C12I*,1193.67860,0.00905,25400000.0,,,C12I*,M03g Aki
C12I**_1193,C12I**,1193.64830,0.000288,2250000.0,12.0,,C12I**,M03g Aki
C12I**_1193,C12I**,1193.39280,0.00738,34600000.0,12.0,,C12I**,M03g Aki
C12I*_1193,C12I*,1193.26370,0.00913,42900000.0,,,C12I*,M03g Aki
C12I**_1193,C12I**,1193.24010,0.0332,111000000.0,12.0,,C12I**,M03g Aki
C12I_1193,C12I,1193.03000,0.0409,63900000.0,,,C12I,M03-11u Aki
C12I*_1193,C12I*,1193.00850,0.0281,79000000.0,,,C12I*,M03g Aki
C12I*_1192,C12I*,1192.44920,0.00162,7600000.0,,,C12I*,M03
C12I_1192,C12I,1192.21580,0.00137,2150000.0,,,C12I,M03-12u Aki
C12I**_1189,C12I**,1189.63070,0.0112,52700000.0,12.0,,C12I**,M03g Aki
C12I**_1189,C12I**,1189.44680,0.00376,29600000.0,12.0,,C12I**,M03g Aki
C12I*_1189,C12I*,1189.24880,0.00385,10900000.0,,,C12I*,M03g Aki
C12I*_1189,C12I*,1189.06500,0.00426,20100000.0,,,C12I*,M03g Aki
C12I*_1188,C12I*,1188.99280,0.00507,71700000.0,,,C12I*,M03g Aki
C12I_1188,C12I,1188.83290,0.0124,19500000.0,,,C12I,M03-14u Aki
C12I**_1158,C12I**,1158.90680,0.00101,8360000.0,12.0,,C12I**,M03 Aki
C12I*_1158,C12I*,1158.67440,0.00147,21900000.0,,,C12I*,M03 Aki
C12I*_1158,C12I*,1158.54430,0.000675,3350000.0,,,C12I*,M03 Aki
C12I**_1158,C12I**,1158.39710,0.00165,8190000.0,12.0,,C12I**,M03 Aki
C12I_1158,C12I,1158.32400,0.00655,10900000.0,,,C12I,M03-15.01 Aki
C12I**_1158,C12I**,1158.13170,0.00519,25800000.0,12.0,,C12I**,M03
C12I*_1158,C12I*,1158.12990,0.00397,19700000.0,,,C12I*,M03
C12I**_1158,C12I**,1158.01880,0.0157,55600000.0,12.0,,C12I**,M03
C12I_1157,C12I,1157.90970,0.0212,35100000.0,,,C12I,M03-16u
C12I*_1156,C12I*,1156.76970,0.00878,26200000.0,,,C12I*,M03
C12I**_1156,C12I**,1156.56030,0.00539,26900000.0,12.0,,C12I**,M03
C12I**_1156,C12I**,1156.38950,0.00181,15100000.0,12.0,,C12I**,M03
C12I*_1156,C12I*,1156.19920,0.000799,2390000.0,,,C12I*,M03
C12I*_1156,C12I*,1156.02860,0.00227,11300000.0,,,C12I*,M03
C12I*_1155,C12I*,1155.97930,0.0025,37400000.0,,,C12I*,M03
C12I_1155,C12I,1155.80920,0.00492,8190000.0,,,C12I,M03-19u
C12I**_1140,C12I**,1140.64150,0.00172,6280000.0,12.0,,C12I**,M03
C12I*_1140,C12I*,1140.35760,0.00207,6380000.0,,,C12I*,M03-21u
C12I**_1140,C12I**,1140.11670,0.00358,18400000.0,12.0,,C12I**,M03
C12I_1140,C12I,1140.00960,0.00356,6090000.0,,,C12I,M03-21.01
C12I*_1140,C12I*,1140.00530,0.00184,9440000.0,,,C12I*,M03
C12I**_1139,C12I**,1139.86510,0.000252,1300000.0,12.0,,C12I**,M03
C12I**_1139,C12I**,1139.81210,0.00806,29600000.0,12.0,,C12I**,M03
C12I_1139,C12I,1139.79190,0.0123,21000000.0,,,C12I,M03-22u
C12I*_1139,C12I*,1139.76590,0.0015,4620000.0,,,C12I*,M03
C12I*_1139,C12I*,1139.51450,0.00881,27200000.0,,,C12I*,M03
C12I*_1139,C12I*,1139.29980,0.00121,6240000.0,,,C12I*,M03
C12I_1139,C12I,1139.08670,0.000542,929000.0,,,C12I,M03-22.01 A&G:7.004
C12I_945,C12I,945.18800,0.2726,100000000.0,,,C12I,Berengut arXiv:1011.4136
C13I**_1658,C13I**,1658.12308,0.0371,361000000.0,13.0,,C13I**,w:Haris Kraisa ApJS17
C13I*_1657,C13I*,1657.90903,0.0494,360000000.0,,,C13I*,HK
C13I*_1657,C13I*,1657.38116,0.0371,360000000.0,,,C13I*,HK
C13I**_1657,C13I**,1657.01004,0.111,361000000.0,13.0,,C13I**,HK Elow=43.414/cm L 1657.0077
C13I_1656,C13I,1656.93033,0.149,360000000.0,,,C13I,HK
C13I*_1656,C13I*,1656.26912,0.0621,361000000.0,,,C13I*,HK Elow=16.417 /cm L 1656.2667
C13I**_1561,C13I**,1561.42037,0.0649,127000000.0,13.0,,C13I**,HK M03 g
C13I**_1561,C13I**,1561.34896,0.000772,127000000.0,13.0,,C13I**,HK M03 g
C13I**_1561,C13I**,1561.32227,0.0116,127000000.0,13.0,,C13I**,HK M03 g
C13I*_1560,C13I*,1560.69110,0.0193,127000000.0,,,C13I*,HK M03g
C13I*_1560,C13I*,1560.66444,0.0581,127000000.0,,,C13I*,HK M03g
C13I_1560,C13I,1560.29133,0.0774,127000000.0,,,C13I,HK M03g-3u
C13I**_1329,C13I**,1329.59016,0.0189,288000000.0,13.0,,C13I**,HK M03g
C13I**_1329,C13I**,1329.56733,0.0569,287000000.0,13.0,,C13I**,Hk M03g
C13I*_1329,C13I*,1329.11308,0.0191,288000000.0,,,C13I*,Hk M03g
C13I*_1329,C13I*,1329.09026,0.0313,287000000.0,,,C13I*,HK M03g
C13I*_1329,C13I*,1329.07479,0.0254,289000000.0,,,C13I*,HK M03g
C13I_1328,C13I,1328.82314,0.0758,288000000.0,,,C13I,HK M03g-4u
C13I**_1288,C13I**,1288.05547,2.01e-05,80900.0,13.0,,C13I**,M03 Aki
C13I*_1287,C13I*,1287.60772,6.03e-05,146000.0,,,C13I*,M03 Aki
C13I**_1280,C13I**,1280.84708,0.00522,106000000.0,13.0,,C13I**,M03g
C13I*_1280,C13I*,1280.59735,0.00704,105000000.0,,,C13I*,M03g
C13I*_1280,C13I*,1280.40433,0.0044,106000000.0,,,C13I*,M03g
C13I**_1280,C13I**,1280.33325,0.0152,117000000.0,13.0,,C13I**,M03g
C13I_1280,C13I,1280.13524,0.0263,106000000.0,,,C13I,M03g-5u
C13I*_1279,C13I*,1279.89085,0.0143,117000000.0,,,C13I*,M03g
C13I**_1279,C13I**,1279.49790,0.000456,1860000.0,13.0,,C13I**,M03 Aki
C13I**_1279,C13I**,1279.22868,0.00214,6240000.0,13.0,,C13I**,M03 Aki
C13I*_1279,C13I*,1279.05609,0.000708,1730000.0,,,C13I*,M03-6u
C13I_1277,C13I,1277.24570,0.0853,232000000.0,,,C13I,M03g-7u +0.12km/s
C13I*_1277,C13I*,1277.28320,0.0666,246000000.0,,,C13I*,M03g
C13I*_1277,C13I*,1277.51360,0.021,232000000.0,,,C13I*,M03g
C13I**_1277,C13I**,1277.55060,0.0763,244000000.0,13.0,,C13I**,M03g
C13I**_1277,C13I**,1277.72380,0.0153,246000000.0,13.0,,C13I**,M03g
C13I**_1277,C13I**,1277.95440,0.000817,232000000.0,13.0,,C13I**,M03g
C13I**_1277,C13I**,1277.95416,0.000817,232000000.0,13.0,,C13I**,M03g
C13I**_1277,C13I**,1277.72337,0.0153,246000000.0,13.0,,C13I**,M03g
C13I**_1277,C13I**,1277.55002,0.0763,244000000.0,13.0,,C13I**,M03g
C13I*_1277,C13I*,1277.51341,0.021,232000000.0,,,C13I*,M03g
C13I*_1277,C13I*,1277.28278,0.0666,246000000.0,,,C13I*,M03g
C13I_1277,C13I,1277.24554,0.0853,232000000.0,,,C13I,M03g-7u
C13I*_1276,C13I*,1276.75035,0.00308,12600000.0,,,C13I*,M03 + 0.13 km/s Berengut
C13I_1276,C13I,1276.48280,0.00589,8030000.0,,,C13I,M03-7.01u
C13I**_1270,C13I**,1270.84420,1.45e-08,99.7,13.0,,C13I**,Aki
C13I*_1270,C13I*,1270.40834,4.51e-05,186000.0,,,C13I*,Aki
C13I_1270,C13I,1270.14344,0.000386,531000.0,,,C13I,Aki
C13I**_1261,C13I**,1261.55081,0.0391,236000000.0,13.0,,C13I**,M03g
C13I**_1261,C13I**,1261.42446,0.0131,240000000.0,13.0,,C13I**,M03g
C13I*_1261,C13I*,1261.12129,0.0202,236000000.0,,,C13I*,M03g
C13I*_1260,C13I*,1260.99504,0.0134,240000000.0,,,C13I*,M03g
C13I*_1260,C13I*,1260.92542,0.0175,241000000.0,,,C13I*,M03g
C13I_1260,C13I,1260.73405,0.0507,240000000.0,,,C13I,M03g-9u
C13I**_1194,C13I**,1194.61460,0.00227,17700000.0,13.0,,C13I**,M03g Aki w as C
C13I**_1194,C13I**,1194.48850,0.00203,6770000.0,13.0,,C13I**,M03-10u Aki
C13I*_1194,C13I*,1194.40550,0.00314,44000000.0,,,C13I*,M03g Aki
C13I*_1194,C13I*,1194.30100,0.00905,4100000.0,,,C13I*,M03-10u Aki
C13I*_1194,C13I*,1194.22950,0.00178,8330000.0,,,C13I*,M03g Aki
C13I**_1194,C13I**,1194.06340,0.00636,29800000.0,13.0,,C13I**,M03g Aki
C13I_1193,C13I,1193.99540,0.0124,19400000.0,,,C13I,M03-9.02 Aki
C13I*_1193,C13I*,1193.67860,0.00905,25400000.0,,,C13I*,M03g Aki
C13I**_1193,C13I**,1193.64830,0.000288,2250000.0,13.0,,C13I**,M03g Aki
C13I**_1193,C13I**,1193.39280,0.00738,34600000.0,13.0,,C13I**,M03g Aki
C13I*_1193,C13I*,1193.26370,0.00913,42900000.0,,,C13I*,M03g Aki
C13I**_1193,C13I**,1193.24010,0.0332,111000000.0,13.0,,C13I**,M03g Aki
C13I_1193,C13I,1193.03000,0.0409,63900000.0,,,C13I,M03-11u Aki
C13I*_1193,C13I*,1193.00850,0.0281,79000000.0,,,C13I*,M03g Aki
C13I*_1192,C13I*,1192.44920,0.00162,7600000.0,,,C13I*,M03
C13I_1192,C13I,1192.21580,0.00137,2150000.0,,,C13I,M03-12u Aki
C13I**_1189,C13I**,1189.63070,0.0112,52700000.0,13.0,,C13I**,M03g Aki
C13I**_1189,C13I**,1189.44680,0.00376,29600000.0,13.0,,C13I**,M03g Aki
C13I*_1189,C13I*,1189.24880,0.00385,10900000.0,,,C13I*,M03g Aki
C13I*_1189,C13I*,1189.06500,0.00426,20100000.0,,,C13I*,M03g Aki
C13I*_1188,C13I*,1188.99280,0.00507,71700000.0,,,C13I*,M03g Aki
C13I_1188,C13I,1188.83290,0.0124,19500000.0,,,C13I,M03-14u Aki
C13I**_1158,C13I**,1158.90680,0.00101,8360000.0,13.0,,C13I**,M03 Aki
C13I*_1158,C13I*,1158.67440,0.00147,21900000.0,,,C13I*,M03 Aki
C13I*_1158,C13I*,1158.54430,0.000675,3350000.0,,,C13I*,M03 Aki
C13I**_1158,C13I**,1158.39710,0.00165,8190000.0,13.0,,C13I**,M03 Aki
C13I_1158,C13I,1158.32400,0.00655,10900000.0,,,C13I,M03-15.01 Aki
C13I**_1158,C13I**,1158.13170,0.00519,25800000.0,13.0,,C13I**,M03
C13I*_1158,C13I*,1158.12990,0.00397,19700000.0,,,C13I*,M03
C13I**_1158,C13I**,1158.01880,0.0157,55600000.0,13.0,,C13I**,M03
C13I_1157,C13I,1157.90970,0.0212,35100000.0,,,C13I,M03-16u
C13I*_1156,C13I*,1156.76970,0.00878,26200000.0,,,C13I*,M03
C13I**_1156,C13I**,1156.56030,0.00539,26900000.0,13.0,,C13I**,M03
C13I**_1156,C13I**,1156.38950,0.00181,15100000.0,13.0,,C13I**,M03
C13I*_1156,C13I*,1156.19920,0.000799,2390000.0,,,C13I*,M03
C13I*_1156,C13I*,1156.02860,0.00227,11300000.0,,,C13I*,M03
C13I*_1155,C13I*,1155.97930,0.0025,37400000.0,,,C13I*,M03
C13I_1155,C13I,1155.80920,0.00492,8190000.0,,,C13I,M03-19u
C13I**_1140,C13I**,1140.64150,0.00172,6280000.0,13.0,,C13I**,M03
C13I*_1140,C13I*,1140.35760,0.00207,6380000.0,,,C13I*,M03-21u
C13I**_1140,C13I**,1140.11670,0.00358,18400000.0,13.0,,C13I**,M03
C13I_1140,C13I,1140.00960,0.00356,6090000.0,,,C13I,M03-21.01
C13I*_1140,C13I*,1140.00530,0.00184,9440000.0,,,C13I*,M03
C13I**_1139,C13I**,1139.86510,0.000252,1300000.0,13.0,,C13I**,M03
C13I**_1139,C13I**,1139.81210,0.00806,29600000.0,13.0,,C13I**,M03
C13I_1139,C13I,1139.79190,0.0123,21000000.0,,,C13I,M03-22u
C13I*_1139,C13I*,1139.76590,0.0015,4620000.0,,,C13I*,M03
C13I*_1139,C13I*,1139.51450,0.00881,27200000.0,,,C13I*,M03
C13I*_1139,C13I*,1139.29980,0.00121,6240000.0,,,C13I*,^
C13I_1139,C13I,1139.08670,0.000542,929000.0,,,C13I,| 13C=12C to here FIX WHEN KNOWN
C13II_1334,C13II,1334.51740,0.1278,288000000.0,,-3.35,C13II,km/s Berengut05
C13II*_1335,C13II*,1335.69280,0.115,288000000.0,,,C13II*,M03 g Elow=63.42 cm^{-1} -3.35km/s
C13II*_1335,C13II*,1335.64780,0.01277,288000000.0,,,C13II*,M03 g -3.35 km/s
C13II_1036,C13II,1036.33000,0.118,2200000000.0,,,C13II,M03 g -1.94 km/s
C13II*_1037,C13II*,1037.01150,0.118,2200000000.0,,,C13II*,M03 g -1.94 km/s
MgIa_2852,MgIa,2852.96342,1.83,500000000.0,24.3,,MgIa,Salumbides06 24Mg mass taken as 24.3
MgIb_2852,MgIb,2852.96141,1.83,500000000.0,,,MgIb,Salumbides06 25Mg
MgIc_2852,MgIc,2852.95959,1.83,500000000.0,,,MgIc,Salumbides06 26Mg
MgIIa_2796,MgIIa,2796.35530,0.6155,262500000.0,,,MgIIa,M03 24Mg mass taken as 24.3
MgIIa_2803,MgIIa,2803.53240,0.3058,259500000.0,,,MgIIa,M03 24Mg
MgIIb_2796,MgIIb,2796.35110,0.6155,262500000.0,,,MgIIb,M03 25Mg mass taken as 24.3
MgIIb_2803,MgIIb,2803.52830,0.3058,259500000.0,,,MgIIb,M03 25Mg
MgIIc_2796,MgIIc,2796.34730,0.6155,262500000.0,,,MgIIc,M03 26Mg mass taken as 24.3
MgIIc_2803,MgIIc,2803.52440,0.3058,259500000.0,,,MgIIc,M03 26Mg
H2J7_1151,H2J7,1151.63838,0.000729867,1868000000.0,2.01588,-0.03451983,H2J7,! L 0 P(7) 2
H2J7_1134,H2J7,1134.89649,0.00256861,1741000000.0,2.01588,-0.02735538,H2J7,! L 1 P(7) 2
H2J6_1131,H2J6,1131.75362,0.000748072,1868000000.0,2.01588,-0.02857077,H2J6,! L 0 P(6) 2
H2J6_1125,H2J6,1125.72675,0.000656326,1868000000.0,2.01588,-0.02362649,H2J6,! L 0 R(6) 2
H2J5_1125,H2J5,1125.54069,0.000757692,1868000000.0,2.01588,-0.02329085,H2J5,"! L 0 P(5) 2 Bailly et al,2010,Mol Phys DOI:10.1080/00268970903413350"
H2J5_1120,H2J5,1120.40062,0.000715714,1868000000.0,2.01588,-0.0189545,H2J5,! L 0 R(5) 2 w: B10
H2J4_1120,H2J4,1120.24884,0.000755955,1868000000.0,2.01588,-0.01872438,H2J4,! L 0 P(4) 2 B10
H2J7_1119,H2J7,1119.02970,0.00517602,1632000000.0,2.01588,-0.02071215,H2J7,! L 2 P(7) 2
H2J4_1116,H2J4,1116.01462,0.000777988,1868000000.0,2.01588,-0.01507444,H2J4,! L 0 R(4) 2 B10
H2J3_1115,H2J3,1115.89553,0.000738064,1868000000.0,2.01588,-0.0149166,H2J3,! L 0 P(3) 1b B10
H2J6_1115,H2J6,1115.45638,0.00260431,1741000000.0,2.01588,-0.0214117,H2J6,! L 1 P(6) 2
H2J3_1112,H2J3,1112.58394,0.000846784,1868000000.0,2.01588,-0.01201537,H2J3,! L 0 R(3) 2 B10
H2J2_1112,H2J2,1112.49599,0.000691459,1868000000.0,2.01588,-0.01190946,H2J2,! L 0 P(2) 1b B10
H2J2_1110,H2J2,1110.12056,0.000932201,1868000000.0,2.01588,-0.00980419,H2J2,! L 0 R(2) 2 B10
H2J1_1110,H2J1,1110.06256,0.000573914,1868000000.0,2.01588,-0.00973852,H2J1,! L 0 P(1) 1a B10
H2J6_1109,H2J6,1109.86173,0.0025058,1741000000.0,2.01588,-0.01681549,H2J6,! L 1 R(6) 2
H2J5_1109,H2J5,1109.31324,0.00261585,1741000000.0,2.01588,-0.01612812,H2J5,! L 1 P(5) 1b B10
H2J1_1108,H2J1,1108.63324,0.001077,1868000000.0,2.01588,-0.00846231,H2J1,! L 0 R(1) 1a B10
H2J0_1108,H2J0,1108.12732,0.00166457,1868000000.0,2.01588,-0.00800319,H2J0,! L 0 R(0) 1a B10
H2J5_1104,H2J5,1104.54870,0.00267606,1741000000.0,2.01588,-0.01212508,H2J5,! L 1 R(5) 2 B10
H2J4_1104,H2J4,1104.08393,0.00259547,1741000000.0,2.01588,-0.01155644,H2J4,! L 1 P(4) 1b B10
H2J7_1103,H2J7,1103.98229,0.00784325,1536000000.0,2.01588,-0.01457227,H2J7,! L 3 P(7) 2
H2J4_1100,H2J4,1100.16453,0.0028543,1741000000.0,2.01588,-0.00820532,H2J4,! L 1 R(4) 2 B10
H2J6_1100,H2J6,1100.01998,0.00520974,1632000000.0,2.01588,-0.01478632,H2J6,! L 2 P(6) 1b
H2J3_1099,H2J3,1099.78718,0.00252569,1741000000.0,2.01588,-0.00774742,H2J3,! L 1 P(3) 1a B10
H2J3_1096,H2J3,1096.72532,0.00305571,1741000000.0,2.01588,-0.0050947,H2J3,! L 1 R(3) 1a B10
H2J2_1096,H2J2,1096.43891,0.00236713,1741000000.0,2.01588,-0.00474693,H2J2,! L 1 P(2) 1a B10
H2J6_1094,H2J6,1094.79916,0.00546325,1632000000.0,2.01588,-0.01049178,H2J6,! L 2 R(6) 2
H2J2_1094,H2J2,1094.24456,0.0033148,1741000000.0,2.01588,-0.00282772,H2J2,! L 1 R(2) 1a B10
H2J1_1094,H2J1,1094.05195,0.00196852,1741000000.0,2.01588,-0.00259287,H2J1,! L 1 P(1) 1a B10
H2J5_1093,H2J5,1093.95498,0.00520673,1632000000.0,2.01588,-0.00951288,H2J5,! L 2 P(5) 1b B10
H2J1_1092,H2J1,1092.73238,0.00378015,1741000000.0,2.01588,-0.0014317,H2J1,! L 1 R(1) 1a B10
H2J0_1092,H2J0,1092.19520,0.00578358,1741000000.0,2.01588,-0.00092454,H2J0,! L 1 R(0) 1a B10
H2J7_1089,H2J7,1089.70646,0.00994149,1450000000.0,2.01588,-0.0089176,H2J7,! L 4 P(7) 2
H2J5_1089,H2J5,1089.51319,0.00573951,1632000000.0,2.01588,-0.00579408,H2J5,! L 2 R(5) 2
H2J4_1088,H2J4,1088.79536,0.00515046,1632000000.0,2.01588,-0.00494895,H2J4,! L 2 P(4) 1b
H2J6_1085,H2J6,1085.38444,0.0078606,1536000000.0,2.01588,-0.00866755,H2J6,! L 3 P(6) 2
H2J4_1085,H2J4,1085.14554,0.00603064,1632000000.0,2.01588,-0.00184988,H2J4,! L 2 R(4) 1a
H2J3_1084,H2J3,1084.56035,0.00500946,1632000000.0,2.01588,-0.00114925,H2J3,! L 2 P(3) 1b
H2J3_1081,H2J3,1081.71124,0.00636247,1632000000.0,2.01588,0.00129543,H2J3,! L 2 R(3) 1a
H2J2_1081,H2J2,1081.26604,0.00469983,1632000000.0,2.01588,0.00183764,H2J2,! L 2 P(2) 1b
H2J6_1080,H2J6,1080.49476,0.00895452,1536000000.0,2.01588,-0.00464885,H2J6,! L 3 R(6) 2
H2J5_1079,H2J5,1079.40041,0.00783446,1536000000.0,2.01588,-0.00340979,H2J5,! L 3 P(5) 1b
H2J2_1079,H2J2,1079.22542,0.00681799,1632000000.0,2.01588,0.00360188,H2J2,! L 2 R(2) 1a
H2J1_1078,H2J1,1078.92547,0.00392257,1632000000.0,2.01588,0.00397218,H2J1,! L 2 P(1) 1a
H2J1_1077,H2J1,1077.69894,0.00769324,1632000000.0,2.01588,0.00503784,H2J1,! L 2 R(1) 1a
H2J0_1077,H2J0,1077.13874,0.0116679,1632000000.0,2.01588,0.0055822,H2J0,! L 2 R(0) 1a
H2J7_1076,H2J7,1076.15563,0.0111219,1370000000.0,2.01588,-0.00372739,H2J7,! L 5 P(7) 2
H2J5_1075,H2J5,1075.24406,0.00928142,1536000000.0,2.01588,5.478e-05,H2J5,! L 3 R(5) 2
H2J4_1074,H2J4,1074.31295,0.00774358,1536000000.0,2.01588,0.00114033,H2J4,! L 3 P(4) 1b
H2J6_1071,H2J6,1071.49882,0.0099386,1450000000.0,2.01588,-0.0030324,H2J6,! L 4 P(6) 2
H2J4_1070,H2J4,1070.90054,0.00962639,1536000000.0,2.01588,0.00401739,H2J4,! L 3 R(4) 2
H2J3_1070,H2J3,1070.14088,0.00753828,1536000000.0,2.01588,0.0049255,H2J3,! L 3 P(3) 1b
H2J3_1067,H2J3,1067.47855,0.0100421,1536000000.0,2.01588,0.00718891,H2J3,! L 3 R(3) 1a
H2J6_1066,H2J6,1066.90709,0.0123026,1450000000.0,2.01588,0.0007253,H2J6,! L 4 R(6) 2
H2J2_1066,H2J2,1066.90068,0.00709045,1536000000.0,2.01588,0.00789541,H2J2,! L 3 P(2) 1a
H2J5_1065,H2J5,1065.59662,0.00990006,1450000000.0,2.01588,0.00220871,H2J5,! L 4 P(5) 1b
H2J2_1064,H2J2,1064.99481,0.0106482,1536000000.0,2.01588,0.0095256,H2J2,! L 3 R(2) 1a
H2J1_1064,H2J1,1064.60539,0.00594138,1536000000.0,2.01588,0.01000951,H2J1,! L 3 P(1) 1a
H2J1_1063,H2J1,1063.46014,0.0119024,1536000000.0,2.01588,0.01099293,H2J1,! L 3 R(1) 1a
H2J7_1063,H2J7,1063.28883,0.0113078,1300000000.0,2.01588,0.00102254,H2J7,! L 6 P(7) 2
H2J0_1062,H2J0,1062.88214,0.0178952,1536000000.0,2.01588,0.01156759,H2J0,! L 3 R(0) 1a
H2J5_1061,H2J5,1061.69723,0.0126059,1450000000.0,2.01588,0.00543822,H2J5,! L 4 R(5) 2
H2J4_1060,H2J4,1060.58103,0.00979364,1450000000.0,2.01588,0.00674295,H2J4,! L 4 P(4) 1b
H2J6_1058,H2J6,1058.31838,0.0111122,1370000000.0,2.01588,0.00214153,H2J6,! L 5 P(6) 2
H2J4_1057,H2J4,1057.38074,0.0129372,1450000000.0,2.01588,0.00941815,H2J4,! L 4 R(4) 2
H2J3_1056,H2J3,1056.47144,0.00955567,1450000000.0,2.01588,0.01051153,H2J3,! L 4 P(3) 1b
H2J6_1053,H2J6,1053.99874,0.0150045,1370000000.0,2.01588,0.00564897,H2J6,! L 5 R(6) 2
H2J3_1053,H2J3,1053.97610,0.0133569,1450000000.0,2.01588,0.01261209,H2J3,! L 4 R(3) 1a
H2J2_1053,H2J2,1053.28427,0.00902223,1450000000.0,2.01588,0.01346322,H2J2,! L 4 P(2) 1b
H2J5_1052,H2J5,1052.49701,0.0110794,1370000000.0,2.01588,0.00736695,H2J5,! L 5 P(5) 1b
H2J2_1051,H2J2,1051.49857,0.0140303,1450000000.0,2.01588,0.01497399,H2J2,! L 4 R(2) 1a
H2J7_1051,H2J7,1051.07153,0.0104866,1200000000.0,2.01588,0.00535938,H2J7,! L 7 P(7) 2
H2J1_1051,H2J1,1051.03253,0.00760153,1450000000.0,2.01588,0.01555697,H2J1,! L 4 P(1) 1a
H2J1_1049,H2J1,1049.95976,0.0155494,1450000000.0,2.01588,0.01646751,H2J1,! L 4 R(1) 1a
H2J0_1049,H2J0,1049.36744,0.0231929,1450000000.0,2.01588,0.01706801,H2J0,! L 4 R(0) 1a
H2J5_1048,H2J5,1048.82995,0.0152277,1370000000.0,2.01588,0.01037564,H2J5,! L 5 R(5) 2
H2J4_1047,H2J4,1047.55187,0.0109902,1370000000.0,2.01588,0.01188511,H2J4,! L 5 P(4) 1b
H2J6_1045,H2J6,1045.80430,0.0113046,1300000000.0,2.01588,0.00687799,H2J6,! L 6 P(6) 2
H2J4_1044,H2J4,1044.54326,0.0154839,1370000000.0,2.01588,0.01437358,H2J4,! L 5 R(4) 2
H2J3_1043,H2J3,1043.50319,0.0107672,1370000000.0,2.01588,0.01563663,H2J3,! L 5 P(3) 1b
H2J6_1041,H2J6,1041.73282,0.0168443,1300000000.0,2.01588,0.0101463,H2J6,! L 6 R(6) 2
H2J3_1041,H2J3,1041.15892,0.0158464,1370000000.0,2.01588,0.01758824,H2J3,! L 5 R(3) 1a
H2J2_1040,H2J2,1040.36733,0.0102228,1370000000.0,2.01588,0.01856997,H2J2,! L 5 P(2) 1b
H2J5_1040,H2J5,1040.05868,0.0113034,1300000000.0,2.01588,0.01208886,H2J5,! L 6 P(5) 2
H2J7_1039,H2J7,1039.77370,0.000633991,1180000000.0,2.01588,-0.01356055,H2J7,! W 0 P(7) 2
H2J7_1039,H2J7,1039.21042,0.023255,1140000000.0,2.01588,-0.00116452,H2J7,! L 8 P(7) 2
H2J2_1038,H2J2,1038.69027,0.016503,1370000000.0,2.01588,0.01997239,H2J2,! L 5 R(2) 1a
H2J1_1038,H2J1,1038.15713,0.00866057,1370000000.0,2.01588,0.020644,H2J1,! L 5 P(1) 1a
H2J1_1037,H2J1,1037.14992,0.0181342,1370000000.0,2.01588,0.02148875,H2J1,! L 5 R(1) 1a
H2J5_1036,H2J5,1036.60457,0.0169652,1300000000.0,2.01588,0.01488993,H2J5,! L 6 R(5) 2
H2J0_1036,H2J0,1036.54581,0.0268337,1370000000.0,2.01588,0.02211196,H2J0,! L 5 R(0) 1a
H2J7_1035,H2J7,1035.42668,0.0239457,1180000000.0,2.01588,-0.02021825,H2J7,! W 0 Q(7) 2
H2J4_1035,H2J4,1035.18251,0.0112657,1300000000.0,2.01588,0.01659124,H2J4,! L 6 P(4) 2
H2J6_1033,H2J6,1033.91784,0.0104606,1200000000.0,2.01588,0.01120261,H2J6,! L 7 P(6) 2
H2J4_1032,H2J4,1032.35096,0.0171203,1300000000.0,2.01588,0.01890632,H2J4,! L 6 R(4) 2
H2J3_1031,H2J3,1031.19260,0.0111102,1300000000.0,2.01588,0.02032577,H2J3,! L 6 P(3) 1b
H2J6_1030,H2J6,1030.07357,0.017934,1200000000.0,2.01588,0.01424573,H2J6,! L 7 R(6) 2
H2J3_1028,H2J3,1028.98558,0.0173884,1300000000.0,2.01588,0.02214038,H2J3,! L 6 R(3) 2
H2J7_1028,H2J7,1028.41138,0.00875861,1070000000.0,2.01588,0.01290853,H2J7,! L 9 P(7) 2
H2J5_1028,H2J5,1028.24749,0.0104684,1200000000.0,2.01588,0.0163993,H2J5,! L 7 P(5) 2
H2J2_1028,H2J2,1028.10609,0.0106298,1300000000.0,2.01588,0.02324105,H2J2,! L 6 P(2) 1b
H2J2_1026,H2J2,1026.52808,0.0179656,1300000000.0,2.01588,0.02454448,H2J2,! L 6 R(2) 2
H2J1_1025,H2J1,1025.93517,0.0090943,1300000000.0,2.01588,0.02529614,H2J1,! L 6 P(1) 1a
H2J5_1024,H2J5,1024.98944,0.0180093,1200000000.0,2.01588,0.019007,H2J5,! L 7 R(5) 2
H2J1_1024,H2J1,1024.98790,0.0195752,1300000000.0,2.01588,0.02608105,H2J1,! L 6 R(1) 1a
H2J6_1024,H2J6,1024.73396,0.0119609,1180000000.0,2.01588,-0.01995118,H2J6,! W 0 P(6) 2
H2J0_1024,H2J0,1024.37395,0.0287085,1300000000.0,2.01588,0.02672449,H2J0,! L 6 R(0) 1a
H2J4_1023,H2J4,1023.43680,0.0104924,1200000000.0,2.01588,0.0208859,H2J4,! L 7 P(4) 1b
H2J6_1022,H2J6,1022.58592,0.0125592,1140000000.0,2.01588,0.01498634,H2J6,! L 8 P(6) 2
H2J6_1021,H2J6,1021.20946,0.0239051,1180000000.0,2.01588,-0.01674587,H2J6,! W 0 Q(6) 2
H2J5_1020,H2J5,1020.79915,0.0127454,1180000000.0,2.01588,-0.01647897,H2J5,! W 0 P(5) 1b
H2J4_1020,H2J4,1020.76665,0.0181358,1200000000.0,2.01588,0.02304091,H2J4,! L 7 R(4) 2
H2J3_1019,H2J3,1019.50224,0.0104758,1200000000.0,2.01588,0.02460346,H2J3,! L 7 P(3) 1b
H2J6_1019,H2J6,1019.01893,0.0204951,1140000000.0,2.01588,0.01766495,H2J6,! L 8 R(6) 2
H2J7_1017,H2J7,1017.97652,0.00373993,1030000000.0,2.01588,0.01492525,H2J7,! L 10 P(7) 2
H2J5_1017,H2J5,1017.83200,0.0238871,1180000000.0,2.01588,-0.01364833,H2J5,! W 0 Q(5) 2
H2J3_1017,H2J3,1017.42315,0.0183845,1200000000.0,2.01588,0.02629246,H2J3,! L 7 R(3) 2
H2J4_1017,H2J4,1017.38554,0.0122766,1180000000.0,2.01588,-0.01330997,H2J4,! W 0 P(4) 1b
H2J5_1017,H2J5,1017.00429,0.0112202,1140000000.0,2.01588,0.02029474,H2J5,! L 8 P(5) 1b
H2J6_1016,H2J6,1016.74328,0.00570076,1180000000.0,2.01588,-0.01232471,H2J6,! W 0 R(6) 2
H2J2_1016,H2J2,1016.46125,0.0102323,1200000000.0,2.01588,0.02750099,H2J2,! L 7 P(2) 1b
H2J7_1015,H2J7,1015.74968,0.0270703,1159000000.0,2.01588,-0.01223158,H2J7,! W 1 P(7) 2
H2J4_1014,H2J4,1014.98006,0.0238617,1180000000.0,2.01588,-0.01097807,H2J4,! W 0 Q(4) 2
H2J2_1014,H2J2,1014.97685,0.0189365,1200000000.0,2.01588,0.02871411,H2J2,! L 7 R(2) 1a
H2J3_1014,H2J3,1014.50423,0.011105,1180000000.0,2.01588,-0.01056398,H2J3,! W 0 P(3) 1a
H2J1_1014,H2J1,1014.32724,0.00898222,1200000000.0,2.01588,0.02953792,H2J1,! L 7 P(1) 1a
H2J5_1014,H2J5,1014.24249,0.0229175,1180000000.0,2.01588,0.00022003,H2J5,! W 0 R(5) 2
H2J5_1013,H2J5,1013.70652,0.00116013,1140000000.0,2.01588,0.01243063,H2J5,! L 8 R(5) 2
H2J1_1013,H2J1,1013.43701,0.0205043,1200000000.0,2.01588,0.03026841,H2J1,! L 7 R(1) 1a
H2J0_1012,H2J0,1012.81303,0.029702,1200000000.0,2.01588,0.03092982,H2J0,! L 7 R(0) 1a
H2J3_1012,H2J3,1012.67958,0.0238304,1180000000.0,2.01588,-0.00878174,H2J3,! W 0 Q(3) 1a
H2J4_1012,H2J4,1012.26242,0.0107544,1140000000.0,2.01588,0.02479431,H2J4,! L 8 P(4) 1b
H2J2_1012,H2J2,1012.16942,0.00878387,1180000000.0,2.01588,-0.00830958,H2J2,! W 0 P(2) 1a
H2J7_1012,H2J7,1012.13455,0.0367154,1159000000.0,2.01588,-0.01016654,H2J7,! W 1 Q(7) 2
H2J6_1011,H2J6,1011.87123,0.00864503,1070000000.0,2.01588,0.01872364,H2J6,! L 9 P(6) 2
H2J4_1011,H2J4,1011.81391,0.0118774,1180000000.0,2.01588,-0.00782388,H2J4,! W 0 R(4) 2
H2J2_1010,H2J2,1010.93845,0.0238098,1180000000.0,2.01588,-0.00709859,H2J2,! W 0 Q(2) 1a
H2J3_1010,H2J3,1010.13025,0.0111813,1180000000.0,2.01588,-0.00631306,H2J3,! W 0 R(3) 1a
H2J1_1009,H2J1,1009.77088,0.0238007,1180000000.0,2.01588,-0.00595909,H2J1,! W 0 Q(1) 1a
H2J4_1009,H2J4,1009.71963,0.0141081,1140000000.0,2.01588,0.02664915,H2J4,! L 8 R(4) 2
H2J2_1009,H2J2,1009.02492,0.0116636,1180000000.0,2.01588,-0.00524664,H2J2,! W 0 R(2) 1a
H2J0_1008,H2J0,1008.55192,0.0153493,1180000000.0,2.01588,-0.00476718,H2J0,! W 0 R(0) 1a
H2J1_1008,H2J1,1008.49818,0.0128722,1180000000.0,2.01588,-0.00471844,H2J1,! W 0 R(1) 1a
H2J6_1008,H2J6,1008.42891,0.0164072,1070000000.0,2.01588,0.02137208,H2J6,! L 9 R(6) 2
H2J3_1008,H2J3,1008.38615,0.0104293,1140000000.0,2.01588,0.02849467,H2J3,! L 8 P(3) 1a
H2J3_1006,H2J3,1006.41416,0.0157143,1140000000.0,2.01588,0.03004038,H2J3,! L 8 R(3) 1a
H2J5_1006,H2J5,1006.34318,0.00863341,1070000000.0,2.01588,0.02388888,H2J5,! L 9 P(5) 1b
H2J2_1005,H2J2,1005.39320,0.00991071,1140000000.0,2.01588,0.03137464,H2J2,! L 8 P(2) 1a
H2J2_1003,H2J2,1003.98545,0.0166161,1140000000.0,2.01588,0.03250586,H2J2,! L 8 R(2) 1a
H2J5_1003,H2J5,1003.42840,0.0164978,1070000000.0,2.01588,0.02615952,H2J5,! L 9 R(5) 2
H2J1_1003,H2J1,1003.29662,0.00846599,1140000000.0,2.01588,0.03339412,H2J1,! L 8 P(1) 1a
H2J1_1002,H2J1,1002.45210,0.0182317,1140000000.0,2.01588,0.03407534,H2J1,! L 8 R(1) 1a
H2J6_1001,H2J6,1001.91171,0.000262827,1030000000.0,2.01588,0.00917942,H2J6,! L 10 P(6) 2
H2J0_1001,H2J0,1001.82387,0.0267679,1140000000.0,2.01588,0.03475253,H2J0,! L 8 R(0) 1a
H2J4_1001,H2J4,1001.65573,0.00869116,1070000000.0,2.01588,0.0283418,H2J4,! L 9 P(4) 1b
H2J6_1001,H2J6,1001.20812,0.0305349,1159000000.0,2.01588,0.00337501,H2J6,! W 1 P(6) 2
H2J4_999,H2J4,999.27150,0.0165603,1070000000.0,2.01588,0.03021901,H2J4,! L 9 R(4) 2
H2J6_998,H2J6,998.42833,0.0178819,1030000000.0,2.01588,0.02399851,H2J6,! L 10 R(6) 2
H2J6_998,H2J6,998.33394,0.0366674,1159000000.0,2.01588,-0.0064819,H2J6,! W 1 Q(6) 2
H2J7_998,H2J7,998.11183,0.00712953,987000000.0,2.01588,0.01913197,H2J7,! L 11 P(7) 1b
H2J3_997,H2J3,997.82718,0.00876095,1070000000.0,2.01588,0.03202454,H2J3,! L 9 P(3) 1b
H2J5_997,H2J5,997.64137,0.0151938,1159000000.0,2.01588,-0.00470129,H2J5,! W 1 P(5) 1b
H2J5_996,H2J5,996.12472,0.0127433,1030000000.0,2.01588,0.02610094,H2J5,! L 10 P(5) 1b
H2J3_995,H2J3,995.97278,0.0166863,1070000000.0,2.01588,0.03349627,H2J3,! L 9 R(3) 1a
H2J5_994,H2J5,994.92438,0.0366104,1159000000.0,2.01588,-0.00320842,H2J5,! W 1 Q(5) 2
H2J2_994,H2J2,994.87408,0.00865918,1070000000.0,2.01588,0.03488711,H2J2,! L 9 P(2) 1b
H2J7_994,H2J7,994.45410,0.0227604,1159000000.0,2.01588,-0.00417212,H2J7,! W 2 P(7) 2
H2J6_994,H2J6,994.26049,0.0115345,1159000000.0,2.01588,-0.00231093,H2J6,! W 1 R(6) 2
H2J4_994,H2J4,994.22993,0.0170007,1159000000.0,2.01588,-0.00228095,H2J4,! W 1 P(4) 1b
H2J2_993,H2J2,993.55061,0.0170432,1070000000.0,2.01588,0.03594442,H2J2,! L 9 R(2) 1a
H2J5_993,H2J5,993.49192,0.0201634,1030000000.0,2.01588,0.02801621,H2J5,! L 10 R(5) 2
H2J1_992,H2J1,992.80968,0.00769885,1070000000.0,2.01588,0.03688977,H2J1,! L 9 P(1) 1a
H2J4_992,H2J4,992.05077,0.0365615,1159000000.0,2.01588,-0.0003959,H2J4,! W 1 Q(4) 2
H2J1_992,H2J1,992.01637,0.0182598,1070000000.0,2.01588,0.03752654,H2J1,! L 9 R(1) 1a
H2J6_991,H2J6,991.91575,0.00683092,987000000.0,2.01588,0.02490619,H2J6,! L 11 P(6) 1b
H2J4_991,H2J4,991.53385,0.00991957,1030000000.0,2.01588,0.03138155,H2J4,! L 10 P(4) 1b
H2J3_991,H2J3,991.38046,0.0159986,1159000000.0,2.01588,0.00039069,H2J3,! W 1 P(3) 1a
H2J0_991,H2J0,991.37891,0.0261242,1070000000.0,2.01588,0.03821743,H2J0,! L 9 R(0) 1a
H2J5_991,H2J5,991.37080,0.00944833,1159000000.0,2.01588,0.00122097,H2J5,! W 1 R(5) 2
H2J7_991,H2J7,991.16345,0.0353107,1139000000.0,2.01588,-0.00182201,H2J7,! W 2 Q(7) 2
H2J3_989,H2J3,989.72929,0.0365227,1159000000.0,2.01588,0.00191129,H2J3,! W 1 Q(3) 1a
H2J4_989,H2J4,989.55727,0.0310766,1030000000.0,2.01588,0.02068108,H2J4,! L 10 R(4) 2
H2J7_989,H2J7,989.31987,0.00595954,912000000.0,2.01588,0.02417375,H2J7,! L 13 P(7) 2
H2J2_989,H2J2,989.08839,0.0129261,1159000000.0,2.01588,0.00259876,H2J2,! W 1 P(2) 1a
H2J4_988,H2J4,988.87092,0.000740979,1159000000.0,2.01588,0.0149398,H2J4,! W 1 R(4) 2
H2J7_988,H2J7,988.83833,0.00358014,948000000.0,2.01588,0.02121293,H2J7,! L 12 P(7) 1b
H2J6_988,H2J6,988.81351,0.0122149,987000000.0,2.01588,0.02724831,H2J6,! L 11 R(6) 2
H2J2_987,H2J2,987.97445,0.0364958,1159000000.0,2.01588,0.00367586,H2J2,! W 1 Q(2) 1a
H2J3_987,H2J3,987.76882,0.00892793,1030000000.0,2.01588,0.03515959,H2J3,! L 10 P(3) 1a
H2J3_987,H2J3,987.44863,0.0207847,1159000000.0,2.01588,0.00511604,H2J3,! W 1 R(3) 1a
H2J1_986,H2J1,986.79800,0.0364673,1159000000.0,2.01588,0.0048688,H2J1,! W 1 Q(1) 1a
H2J5_986,H2J5,986.52074,0.00671492,987000000.0,2.01588,0.03003235,H2J5,! L 11 P(5) 1b
H2J2_986,H2J2,986.24406,0.0195224,1159000000.0,2.01588,0.00551177,H2J2,! W 1 R(2) 1a
H2J3_985,H2J3,985.96279,0.00827655,1030000000.0,2.01588,0.03558931,H2J3,! L 10 R(3) 1a
H2J1_985,H2J1,985.64427,0.020708,1159000000.0,2.01588,0.0060404,H2J1,! W 1 R(1) 1a
H2J0_985,H2J0,985.63371,0.0240614,1159000000.0,2.01588,0.00602255,H2J0,! W 1 R(0) 1a
H2J2_984,H2J2,984.86398,0.00817085,1030000000.0,2.01588,0.03806275,H2J2,! L 10 P(2) 1a
H2J5_983,H2J5,983.89896,0.0126202,987000000.0,2.01588,0.0320365,H2J5,! L 11 R(5) 1a
H2J2_983,H2J2,983.59106,0.0115741,1030000000.0,2.01588,0.03888367,H2J2,! L 10 R(2) 1a
H2J1_982,H2J1,982.83533,0.0068112,1030000000.0,2.01588,0.0400493,H2J1,! L 10 P(1) 1a
H2J6_982,H2J6,982.72683,0.00257392,948000000.0,2.01588,0.0263445,H2J6,! L 12 P(6) 1b
H2J1_982,H2J1,982.07427,0.0136447,1030000000.0,2.01588,0.0405884,H2J1,! L 10 R(1) 1a
H2J4_981,H2J4,981.94847,0.00670767,987000000.0,2.01588,0.03444786,H2J4,! L 11 P(4) 1b
H2J0_981,H2J0,981.43871,0.0206903,1030000000.0,2.01588,0.04134865,H2J0,! L 10 R(0) 1a
H2J7_980,H2J7,980.75837,0.00292951,883000000.0,2.01588,0.02588968,H2J7,! L 14 P(7) 2
H2J6_980,H2J6,980.50026,0.023747,1139000000.0,2.01588,0.00066493,H2J6,! W 2 P(6) 2
H2J4_979,H2J4,979.80512,0.0127815,987000000.0,2.01588,0.03610218,H2J4,! L 11 R(4) 1a
H2J6_979,H2J6,979.76133,0.01352,948000000.0,2.01588,0.02940565,H2J6,! L 12 R(6) 2
H2J3_978,H2J3,978.21804,0.00673539,987000000.0,2.01588,0.03809495,H2J3,! L 11 P(3) 1a
H2J6_977,H2J6,977.72752,0.035241,1139000000.0,2.01588,0.00206724,H2J6,! W 2 Q(6) 2
H2J5_977,H2J5,977.46357,0.000364005,948000000.0,2.01588,0.02751866,H2J5,! L 12 P(5) 1b
H2J3_976,H2J3,976.55283,0.0128986,987000000.0,2.01588,0.03939034,H2J3,! L 11 R(3) 1a
H2J5_976,H2J5,976.54876,0.0257208,1139000000.0,2.01588,0.00841259,H2J5,! W 2 P(5) 1b
H2J2_975,H2J2,975.34576,0.0066437,987000000.0,2.01588,0.04092386,H2J2,! L 11 P(2) 1a
H2J7_975,H2J7,975.30210,0.0154503,1121000000.0,2.01588,0.00268414,H2J7,! W 3 P(7) 2
H2J5_974,H2J5,974.88649,0.0142339,948000000.0,2.01588,0.03396998,H2J5,! L 12 R(5) 1a
H2J5_974,H2J5,974.28817,0.0351643,1139000000.0,2.01588,0.00551054,H2J5,! W 2 Q(5) 1a
H2J2_974,H2J2,974.15791,0.0131537,987000000.0,2.01588,0.04185365,H2J2,! L 11 R(2) 1a
H2J6_974,H2J6,974.05209,0.0136709,1139000000.0,2.01588,0.00568077,H2J6,! W 2 R(6) 2
H2J6_973,H2J6,973.82856,0.00536302,912000000.0,2.01588,0.02989496,H2J6,! L 13 P(6) 1b
H2J4_973,H2J4,973.45234,0.00855244,1139000000.0,2.01588,0.01061912,H2J4,! W 2 P(4) 1a
H2J1_973,H2J1,973.34458,0.00589912,987000000.0,2.01588,0.04289516,H2J1,! L 11 P(1) 1a
H2J4_972,H2J4,972.69067,0.0135586,948000000.0,2.01588,0.03305977,H2J4,! L 12 P(4) 1b
H2J1_972,H2J1,972.63275,0.0140478,987000000.0,2.01588,0.04345479,H2J1,! L 11 R(1) 1a
H2J7_972,H2J7,972.44061,0.00558134,857000000.0,2.01588,0.02810778,H2J7,! L 15 P(7) 2
H2J7_972,H2J7,972.27175,0.0278011,1121000000.0,2.01588,0.00497811,H2J7,! W 3 Q(7) 2
H2J0_971,H2J0,971.98624,0.020043,987000000.0,2.01588,0.04416825,H2J0,! L 11 R(0) 1a
H2J4_971,H2J4,971.38961,0.0350968,1139000000.0,2.01588,0.00846055,H2J4,! W 2 Q(4) 1a
H2J5_971,H2J5,971.07497,0.0121176,1139000000.0,2.01588,0.0088915,H2J5,! W 2 R(5) 2
H2J6_970,H2J6,970.99762,0.00711421,912000000.0,2.01588,0.03201589,H2J6,! L 13 R(6) 2
H2J4_970,H2J4,970.83820,0.0160389,948000000.0,2.01588,0.03742072,H2J4,! L 12 R(4) 1a
H2J3_970,H2J3,970.56332,0.0130736,1139000000.0,2.01588,0.00992403,H2J3,! W 2 P(3) 1a
H2J3_969,H2J3,969.08984,0.00816003,948000000.0,2.01588,0.04022253,H2J3,! L 12 P(3) 1a
H2J3_969,H2J3,969.04922,0.0350406,1139000000.0,2.01588,0.01087504,H2J3,! W 2 Q(3) 1a
H2J4_968,H2J4,968.66511,0.0107236,1139000000.0,2.01588,0.0120262,H2J4,! W 2 R(4) 2
H2J5_968,H2J5,968.55661,0.00509638,912000000.0,2.01588,0.03497826,H2J5,! L 13 P(5) 1b
H2J2_968,H2J2,968.29522,0.0115224,1139000000.0,2.01588,0.01184321,H2J2,! W 2 P(2) 1a
H2J3_967,H2J3,967.67695,0.0227601,948000000.0,2.01588,0.03681687,H2J3,! L 12 R(3) 1a
H2J2_967,H2J2,967.28110,0.0350109,1139000000.0,2.01588,0.01271847,H2J2,! W 2 Q(2) 1a
H2J3_966,H2J3,966.78035,0.00614792,1139000000.0,2.01588,0.01789318,H2J3,! W 2 R(3) 1a
H2J2_966,H2J2,966.27550,0.00649635,948000000.0,2.01588,0.04340505,H2J2,! L 12 P(2) 1a
H2J5_966,H2J5,966.17871,0.00832436,912000000.0,2.01588,0.03677543,H2J5,! L 13 R(5) 2
H2J1_966,H2J1,966.09608,0.0349812,1139000000.0,2.01588,0.01396322,H2J1,! W 2 Q(1) 1a
H2J2_965,H2J2,965.79549,0.0240472,1139000000.0,2.01588,0.01814876,H2J2,! W 2 R(2) 1a
H2J6_965,H2J6,965.48139,0.00261446,883000000.0,2.01588,0.03144234,H2J6,! L 14 P(6) 2
H2J1_965,H2J1,965.06488,0.0219251,1139000000.0,2.01588,0.01540176,H2J1,! W 2 R(1) 1a
H2J2_965,H2J2,965.04574,0.00158292,948000000.0,2.01588,0.04040726,H2J2,! L 12 R(2) 1a
H2J0_964,H2J0,964.98399,0.0239558,1139000000.0,2.01588,0.01516367,H2J0,! W 2 R(0) 1a
H2J7_964,H2J7,964.70461,0.00230595,829000000.0,2.01588,0.0293751,H2J7,! L 16 P(7) 2
H2J1_964,H2J1,964.31064,0.00502802,948000000.0,2.01588,0.04544644,H2J1,! L 12 P(1) 1a
H2J4_964,H2J4,964.09089,0.00498546,912000000.0,2.01588,0.03935778,H2J4,! L 13 P(4) 1a
H2J1_963,H2J1,963.60800,0.00707397,948000000.0,2.01588,0.04552063,H2J1,! L 12 R(1) 1a
H2J0_962,H2J0,962.97800,0.0131586,948000000.0,2.01588,0.04661091,H2J0,! L 12 R(0) 1a
H2J6_962,H2J6,962.82129,0.00935859,883000000.0,2.01588,0.03368526,H2J6,! L 14 R(6) 2
H2J4_962,H2J4,962.15297,0.00875105,912000000.0,2.01588,0.04082942,H2J4,! L 13 R(4) 1a
H2J6_961,H2J6,961.70372,0.0165031,1121000000.0,2.01588,0.00722576,H2J6,! W 3 P(6) 1b
H2J3_960,H2J3,960.45057,0.00493219,912000000.0,2.01588,0.04297335,H2J3,! L 13 P(3) 1b B10
H2J5_960,H2J5,960.26564,0.00224404,883000000.0,2.01588,0.03624932,H2J5,! L 14 P(5) 2
H2J6_959,H2J6,959.15235,0.0277083,1121000000.0,2.01588,0.0090659,H2J6,! W 3 Q(6) 2
H2J3_958,H2J3,958.94662,0.00896715,912000000.0,2.01588,0.04411846,H2J3,! L 13 R(3) 1a B10
H2J7_958,H2J7,958.19002,0.0061521,1105000000.0,2.01588,0.00836457,H2J7,! W 4 P(7) 2
H2J5_958,H2J5,958.01140,0.00961679,883000000.0,2.01588,0.03836088,H2J5,! L 14 R(5) 2
H2J5_957,H2J5,957.81887,0.0167029,1121000000.0,2.01588,0.01144081,H2J5,! W 3 P(5) 1b B10
H2J2_957,H2J2,957.65223,0.00480776,912000000.0,2.01588,0.04577359,H2J2,! L 13 P(2) 1a B10
H2J6_957,H2J6,957.41021,0.00435348,857000000.0,2.01588,0.03376881,H2J6,! L 15 P(6) 1b
H2J7_956,H2J7,956.99373,0.00769999,811000000.0,2.01588,0.031078,H2J7,! L 17 P(7) 2
H2J2_956,H2J2,956.57992,0.00921098,912000000.0,2.01588,0.04659168,H2J2,! L 13 R(2) 1a B10
H2J6_955,H2J6,955.97749,0.0147625,1121000000.0,2.01588,0.01208778,H2J6,! W 3 R(6) 2
H2J4_955,H2J4,955.85483,0.00169072,883000000.0,2.01588,0.03998528,H2J4,! L 14 P(4) 1b
H2J1_955,H2J1,955.70815,0.00422758,912000000.0,2.01588,0.04771815,H2J1,! L 13 P(1) 1a B10
H2J5_955,H2J5,955.68059,0.0276314,1121000000.0,2.01588,0.01267422,H2J5,! W 3 Q(5) 2
H2J7_955,H2J7,955.26209,0.0197683,1105000000.0,2.01588,0.0103525,H2J7,! W 4 Q(7) 2
H2J1_955,H2J1,955.06576,0.00988009,912000000.0,2.01588,0.04820903,H2J1,! L 13 R(1) 1a B10
H2J6_954,H2J6,954.70212,0.00114293,857000000.0,2.01588,0.03574293,H2J6,! L 15 R(6) 2
H2J4_954,H2J4,954.47400,0.0167173,1121000000.0,2.01588,0.01552446,H2J4,! W 3 P(4) 1b B10
H2J0_954,H2J0,954.41327,0.0141587,912000000.0,2.01588,0.04894292,H2J0,! L 13 R(0) 1a B10
H2J4_954,H2J4,954.00391,0.0100543,883000000.0,2.01588,0.04226582,H2J4,! L 14 R(4) 2
H2J5_952,H2J5,952.80462,0.0116602,1121000000.0,2.01588,0.0154074,H2J5,! W 3 R(5) 2
H2J4_952,H2J4,952.75740,0.0275578,1121000000.0,2.01588,0.015758,H2J4,! W 3 Q(4) 2 B10
H2J3_952,H2J3,952.27417,0.000657805,883000000.0,2.01588,0.04104973,H2J3,! L 14 P(3) 1b
H2J5_952,H2J5,952.25496,0.00387851,857000000.0,2.01588,0.03881266,H2J5,! L 15 P(5) 1b
H2J3_951,H2J3,951.67184,0.0169938,1121000000.0,2.01588,0.0209694,H2J3,! W 3 P(3) 1a B10
H2J3_950,H2J3,950.81869,0.0109208,883000000.0,2.01588,0.04529959,H2J3,! L 14 R(3) 2
H2J3_950,H2J3,950.39777,0.0275027,1121000000.0,2.01588,0.018277,H2J3,! W 3 Q(3) 1a B10
H2J4_950,H2J4,950.31519,0.0107393,1121000000.0,2.01588,0.01829419,H2J4,! W 3 R(4) 1a B10
H2J7_950,H2J7,950.12370,0.00180098,788000000.0,2.01588,0.03235406,H2J7,! L 18 P(7) 2
H2J5_950,H2J5,950.07344,0.00436762,857000000.0,2.01588,0.04044555,H2J5,! L 15 R(5) 2
H2J6_949,H2J6,949.83996,0.00213559,829000000.0,2.01588,0.03495694,H2J6,! L 16 P(6) 2
H2J2_949,H2J2,949.61045,0.00142114,1121000000.0,2.01588,0.0278229,H2J2,! W 3 P(2) 1a B10
H2J2_949,H2J2,949.35246,0.00928258,883000000.0,2.01588,0.03930819,H2J2,! L 14 P(2) 1b
H2J2_948,H2J2,948.61582,0.0274671,1121000000.0,2.01588,0.02019735,H2J2,! W 3 Q(2) 1a B10
H2J2_948,H2J2,948.47125,0.0129431,883000000.0,2.01588,0.04715304,H2J2,! L 14 R(2) 1a
H2J3_948,H2J3,948.41978,0.0103723,1121000000.0,2.01588,0.02071173,H2J3,! W 3 R(3) 1a B10
H2J4_947,H2J4,947.88785,0.00365429,857000000.0,2.01588,0.04316527,H2J4,! L 15 P(4) 1b
H2J1_947,H2J1,947.51403,0.00352235,883000000.0,2.01588,0.04972156,H2J1,! L 14 P(1) 1a
H2J6_947,H2J6,947.43378,0.00609298,829000000.0,2.01588,0.03696031,H2J6,! L 16 R(6) 2
H2J1_947,H2J1,947.42192,0.0274384,1121000000.0,2.01588,0.02149264,H2J1,! W 3 Q(1) 1a B10
H2J2_947,H2J2,947.11165,0.00993795,1121000000.0,2.01588,0.02287064,H2J2,! W 3 R(2) 1a B10
H2J1_946,H2J1,946.98040,0.0196578,883000000.0,2.01588,0.0462518,H2J1,! L 14 R(1) 1a
H2J0_946,H2J0,946.42556,0.0216224,1121000000.0,2.01588,0.03102591,H2J0,! W 3 R(0) 1a B10
H2J1_946,H2J1,946.38474,0.00807449,1121000000.0,2.01588,0.02627974,H2J1,! W 3 R(1) 1a B10
H2J0_946,H2J0,946.16931,0.00133958,883000000.0,2.01588,0.04247182,H2J0,! L 14 R(0) 1a
H2J4_946,H2J4,946.12271,0.00533399,857000000.0,2.01588,0.04447549,H2J4,! L 15 R(4) 1a
H2J6_944,H2J6,944.78324,0.00994692,1105000000.0,2.01588,0.01295017,H2J6,! W 4 P(6) 2
H2J5_944,H2J5,944.72052,0.00203185,829000000.0,2.01588,0.03996189,H2J5,! L 16 P(5) 2
H2J3_944,H2J3,944.33046,0.00352469,857000000.0,2.01588,0.04676022,H2J3,! L 15 P(3) 1a
H2J7_943,H2J7,943.54717,4.715e-06,773000000.0,2.01588,0.03004227,H2J7,! L 19 P(7) 2
H2J3_942,H2J3,942.96422,0.00573822,857000000.0,2.01588,0.04776314,H2J3,! L 15 R(3) 1a
H2J5_942,H2J5,942.68787,0.00623818,829000000.0,2.01588,0.04159919,H2J5,! L 16 R(5) 2
H2J6_942,H2J6,942.47736,0.00400691,811000000.0,2.01588,0.03665595,H2J6,! L 17 P(6) 2
H2J6_942,H2J6,942.41510,0.0196795,1105000000.0,2.01588,0.01463426,H2J6,! W 4 Q(6) 2
H2J7_942,H2J7,942.23361,0.00952228,1090000000.0,2.01588,0.01669738,H2J7,! W 5 P(7) 2
H2J2_941,H2J2,941.59921,0.00336792,857000000.0,2.01588,0.04954168,H2J2,! L 15 P(2) 1b
H2J5_940,H2J5,940.88292,0.0105472,1105000000.0,2.01588,0.0170359,H2J5,! W 4 P(5) 1b
H2J2_940,H2J2,940.62637,0.00602792,857000000.0,2.01588,0.05024936,H2J2,! L 15 R(2) 1a
H2J6_940,H2J6,940.49158,0.0099348,811000000.0,2.01588,0.03859103,H2J6,! L 17 R(6) 2
H2J4_940,H2J4,940.38754,0.00199323,829000000.0,2.01588,0.04428935,H2J4,! L 16 P(4) 1b
H2J7_939,H2J7,939.97920,0.0133193,1090000000.0,2.01588,0.01438179,H2J7,! W 5 Q(7) 2
H2J1_939,H2J1,939.70672,0.00291382,857000000.0,2.01588,0.0514665,H2J1,! L 15 P(1) 1a
H2J1_939,H2J1,939.12421,0.0065582,857000000.0,2.01588,0.05188763,H2J1,! L 15 R(1) 1a
H2J6_939,H2J6,939.11418,0.00269982,1105000000.0,2.01588,0.01730411,H2J6,! W 4 R(6) 2
H2J5_938,H2J5,938.90912,0.0195995,1105000000.0,2.01588,0.018404,H2J5,! W 4 Q(5) 2
H2J4_938,H2J4,938.72921,0.006378,829000000.0,2.01588,0.04556605,H2J4,! L 16 R(4) 2
H2J0_938,H2J0,938.46776,0.00951063,857000000.0,2.01588,0.05264552,H2J0,! L 15 R(0) 1a
H2J4_937,H2J4,937.55176,0.0103268,1105000000.0,2.01588,0.02058324,H2J4,! W 4 P(4) 1b
H2J5_937,H2J5,937.44275,0.00308293,811000000.0,2.01588,0.04165374,H2J5,! L 17 P(5) 2
H2J3_936,H2J3,936.85709,0.00204989,829000000.0,2.01588,0.04791941,H2J3,! L 16 P(3) 1b
H2J5_936,H2J5,936.46628,0.0109825,1105000000.0,2.01588,0.02079095,H2J5,! W 4 R(5) 2
H2J4_935,H2J4,935.95938,0.0195421,1105000000.0,2.01588,0.02161881,H2J4,! W 4 Q(4) 2
H2J6_935,H2J6,935.63098,0.00165464,788000000.0,2.01588,0.03786035,H2J6,! L 18 P(6) 2
H2J3_935,H2J3,935.57550,0.00657153,829000000.0,2.01588,0.04883117,H2J3,! L 16 R(3) 2
H2J5_935,H2J5,935.32358,0.000455546,811000000.0,2.01588,0.04318584,H2J5,! L 17 R(5) 2
H2J3_934,H2J3,934.79006,0.00951256,1105000000.0,2.01588,0.0234976,H2J3,! W 4 P(3) 1a
H2J2_934,H2J2,934.14479,0.00223943,829000000.0,2.01588,0.05084687,H2J2,! L 16 P(2) 1b
H2J4_933,H2J4,933.78979,0.0091659,1105000000.0,2.01588,0.02375924,H2J4,! W 4 R(4) 2
H2J3_933,H2J3,933.57794,0.019482,1105000000.0,2.01588,0.02424031,H2J3,! W 4 Q(3) 1a
H2J6_933,H2J6,933.44461,0.00375904,788000000.0,2.01588,0.03986101,H2J6,! L 18 R(6) 2
H2J2_933,H2J2,933.24009,0.006886,829000000.0,2.01588,0.05130933,H2J2,! L 16 R(2) 1a
H2J4_933,H2J4,933.17050,0.0027111,811000000.0,2.01588,0.04598242,H2J4,! L 17 P(4) 2
H2J2_932,H2J2,932.60468,0.00760932,1105000000.0,2.01588,0.02569217,H2J2,! W 4 P(2) 1a
H2J1_932,H2J1,932.26621,0.00239836,829000000.0,2.01588,0.05296626,H2J1,! L 16 P(1) 1a
H2J3_931,H2J3,931.81170,0.00874581,1105000000.0,2.01588,0.02609047,H2J3,! W 4 R(3) 1a
H2J2_931,H2J2,931.78086,0.0194461,1105000000.0,2.01588,0.02623615,H2J2,! W 4 Q(2) 1a
H2J1_931,H2J1,931.73288,0.00753127,829000000.0,2.01588,0.05300015,H2J1,! L 16 R(1) 1a
H2J4_931,H2J4,931.53720,0.00252976,811000000.0,2.01588,0.0471645,H2J4,! L 17 R(4) 2
H2J0_931,H2J0,931.06264,0.0106711,829000000.0,2.01588,0.05392193,H2J0,! L 16 R(0) 1a
H2J5_930,H2J5,930.60522,0.00158386,788000000.0,2.01588,0.04281575,H2J5,! L 18 P(5) 2
H2J1_930,H2J1,930.57708,0.0194219,1105000000.0,2.01588,0.02758111,H2J1,! W 4 Q(1) 1a
H2J2_930,H2J2,930.44718,0.00898322,1105000000.0,2.01588,0.02776182,H2J2,! W 4 R(2) 1a
H2J6_929,H2J6,929.69736,0.00301969,1090000000.0,2.01588,0.02212683,H2J6,! W 5 P(6) 2
H2J3_929,H2J3,929.68957,0.00250827,811000000.0,2.01588,0.04956415,H2J3,! L 17 P(3) 1b
H2J1_929,H2J1,929.68836,0.00984172,1105000000.0,2.01588,0.02870046,H2J1,! W 4 R(1) 1a
H2J0_929,H2J0,929.53272,0.0119405,1105000000.0,2.01588,0.02884502,H2J0,! W 4 R(0) 1a
H2J6_928,H2J6,928.77793,0.0056257,773000000.0,2.01588,0.03450348,H2J6,! L 19 P(6) 2
H2J5_928,H2J5,928.76010,0.00391557,788000000.0,2.01588,0.04435672,H2J5,! L 18 R(5) 2
H2J3_928,H2J3,928.43742,0.00330312,811000000.0,2.01588,0.05043924,H2J3,! L 17 R(3) 2
H2J6_927,H2J6,927.36262,0.0132411,1090000000.0,2.01588,0.01885435,H2J6,! W 5 Q(6) 2
H2J6_927,H2J6,927.05157,0.00498923,773000000.0,2.01588,0.04030239,H2J6,! L 19 R(6) 2
H2J2_927,H2J2,927.02002,0.00232754,811000000.0,2.01588,0.05233481,H2J2,! L 17 P(2) 1b
H2J4_926,H2J4,926.35467,0.00157497,788000000.0,2.01588,0.04712078,H2J4,! L 18 P(4) 1b
H2J2_926,H2J2,926.13193,0.0037013,811000000.0,2.01588,0.05293621,H2J2,! L 17 R(2) 2
H2J5_925,H2J5,925.65859,0.00581884,1090000000.0,2.01588,0.02227953,H2J5,! W 5 P(5) 2
H2J1_925,H2J1,925.17453,0.0019672,811000000.0,2.01588,0.05424593,H2J1,! L 17 P(1) 1a
H2J4_924,H2J4,924.84828,0.0040013,788000000.0,2.01588,0.04827866,H2J4,! L 18 R(4) 2
H2J1_924,H2J1,924.64326,0.00416144,811000000.0,2.01588,0.05459732,H2J1,! L 17 R(1) 1a
H2J6_924,H2J6,924.49763,0.00383095,1090000000.0,2.01588,0.02270836,H2J6,! W 5 R(6) 2
H2J0_923,H2J0,923.98463,0.00616671,811000000.0,2.01588,0.05538162,H2J0,! L 17 R(0) 1a
H2J5_923,H2J5,923.96165,0.00286714,773000000.0,2.01588,0.04325677,H2J5,! L 19 P(5) 1b
H2J5_923,H2J5,923.81654,0.0131785,1090000000.0,2.01588,0.02278312,H2J5,! W 5 Q(5) 2
H2J3_922,H2J3,922.89490,0.00161894,788000000.0,2.01588,0.05068943,H2J3,! L 18 P(3) 1b
H2J5_922,H2J5,922.47501,0.00666706,773000000.0,2.01588,0.04199436,H2J5,! L 19 R(5) 2
H2J4_922,H2J4,922.30602,0.00619111,1090000000.0,2.01588,0.02526343,H2J4,! W 5 P(4) 2
H2J3_921,H2J3,921.73016,0.00406946,788000000.0,2.01588,0.05152632,H2J3,! L 18 R(3) 2
H2J5_921,H2J5,921.21942,0.00216944,1090000000.0,2.01588,0.02881256,H2J5,! W 5 R(5) 2
H2J4_920,H2J4,920.83403,0.0131189,1090000000.0,2.01588,0.02612717,H2J4,! W 5 Q(4) 2
H2J2_920,H2J2,920.24323,0.00168347,788000000.0,2.01588,0.05345167,H2J2,! L 18 P(2) 1b
H2J4_919,H2J4,919.78999,0.00213475,773000000.0,2.01588,0.04802474,H2J4,! L 19 P(4) 1b
H2J3_919,H2J3,919.54444,0.00581784,1090000000.0,2.01588,0.02806908,H2J3,! W 5 P(3) 2
H2J2_919,H2J2,919.41816,0.00416768,788000000.0,2.01588,0.05401546,H2J2,! L 18 R(2) 1a
H2J4_919,H2J4,919.05021,0.00791087,1090000000.0,2.01588,0.03266013,H2J4,! W 5 R(4) 2
H2J3_918,H2J3,918.43092,0.0130632,1090000000.0,2.01588,0.02884989,H2J3,! W 5 Q(3) 2
H2J1_918,H2J1,918.41331,0.00160977,788000000.0,2.01588,0.05535517,H2J1,! L 18 P(1) 1a
H2J4_918,H2J4,918.15171,4.5274e-05,773000000.0,2.01588,0.04488527,H2J4,! L 19 R(4) 2
H2J1_917,H2J1,917.92189,0.00442958,788000000.0,2.01588,0.0556799,H2J1,! L 18 R(1) 1a
H2J2_917,H2J2,917.36978,0.00470052,1090000000.0,2.01588,0.03033591,H2J2,! W 5 P(2) 2
H2J0_917,H2J0,917.25198,0.00617555,788000000.0,2.01588,0.05647264,H2J0,! L 18 R(0) 1a
H2J3_916,H2J3,916.87718,0.00693433,1090000000.0,2.01588,0.03113926,H2J3,! W 5 R(3) 2
H2J2_916,H2J2,916.61694,0.0130368,1090000000.0,2.01588,0.03092034,H2J2,! W 5 Q(2) 2
H2J3_916,H2J3,916.38293,0.00182459,773000000.0,2.01588,0.05167878,H2J3,! L 19 P(3) 1a
H2J2_915,H2J2,915.42979,0.00677763,1090000000.0,2.01588,0.03229127,H2J2,! W 5 R(2) 2
H2J1_915,H2J1,915.40107,0.0130148,1090000000.0,2.01588,0.03231442,H2J1,! W 5 Q(1) 2
H2J3_915,H2J3,915.21226,0.00134894,773000000.0,2.01588,0.05190177,H2J3,! L 19 R(3) 1a
H2J1_914,H2J1,914.60737,0.00722537,1090000000.0,2.01588,0.03316301,H2J1,! W 5 R(1) 2
H2J0_914,H2J0,914.39716,0.00846484,1090000000.0,2.01588,0.03342239,H2J0,! W 5 R(0) 2
H2J2_913,H2J2,913.77014,0.00161406,773000000.0,2.01588,0.05447034,H2J2,! L 19 P(2) 1a
H2J2_912,H2J2,912.95107,0.00201527,773000000.0,2.01588,0.05486433,H2J2,! L 19 R(2) 1a
H2J1_911,H2J1,911.96720,0.00131627,773000000.0,2.01588,0.05638629,H2J1,! L 19 P(1) 1a
H2J1_911,H2J1,911.47950,0.00248482,773000000.0,2.01588,0.05662896,H2J1,! L 19 R(1) 1a
H2J0_910,H2J0,910.82073,0.00386549,773000000.0,2.01588,0.05746684,H2J0,! L 19 R(0) 1a
HDJ0_1105,HDJ0,1105.84055,0.0007437,1352000.0,3.0,-0.00654,HDJ0,"! L0-0R(0) w:Ivanov PRL,100,093007(2008) f: AR(06), not Ivanchik(MN10) Aki"
HDJ0_1092,HDJ0,1092.00126,0.002967,5532000.0,3.0,-0.00038,HDJ0,! L1R0 f:Abgrall Roueff A+A 445 361 2006 Aki
HDJ0_1078,HDJ0,1078.83104,0.006749,12890000.0,3.0,0.00528,HDJ0,! L2R0
HDJ0_1066,HDJ0,1066.27568,0.0115,22490000.0,3.0,0.01061,HDJ0,! L3-0R(0) w:Ivanov
HDJ0_1054,HDJ0,1054.29354,0.0164,32720000.0,3.0,0.01557,HDJ0,! 4-0R(0)
HDJ0_1042,HDJ0,1042.85005,0.0205,42010000.0,3.0,0.02013,HDJ0,! 5-0R(0)
HDJ0_1031,HDJ0,1031.91493,0.0236,49260000.0,3.0,0.0244,HDJ0,! 6-0R(0)
HDJ0_1021,HDJ0,1021.46045,0.0253,54020000.0,3.0,0.02831,HDJ0,! 7-0R(0)
HDJ0_1011,HDJ0,1011.46180,0.0262,56910000.0,3.0,0.03193,HDJ0,! 8-0R(0)
HDJ0_1001,HDJ0,1001.89413,0.0247,54760000.0,3.0,0.0353,HDJ0,! 9-0R(0)
HDJ0_992,HDJ0,992.71833,0.0241,54360000.0,3.0,,HDJ0,! 10-0R(0) w:J Tumlinson/Abgrall Roueff list
HDJ0_984,HDJ0,984.01300,0.0204,1000000000.0,3.0,,HDJ0,! 11-0R(0)
HDJ0_975,HDJ0,975.57587,0.0196,1000000000.0,3.0,,HDJ0,"! 12-0R(0) w:Hinnen+,PhysRevA,52,4425,1995"
HDJ0_967,HDJ0,967.52558,0.014,1000000000.0,3.0,,HDJ0,! 13-0R(0) w:Hinnen+
HDJ0_959,HDJ0,959.81919,0.0146,1000000000.0,3.0,,HDJ0,! 14-0R(0) w:Hinnen+
HDJ0_952,HDJ0,952.44500,0.0344,1000000000.0,3.0,,HDJ0,! 15-0R(0)
HDJ0_945,HDJ0,945.32000,0.0104,1000000000.0,3.0,,HDJ0,! 16 1 0 0 w:JT/AR06
HDJ0_1007,HDJ0,1007.29020,0.0325,71300000.0,3.0,-0.0039,HDJ0,! W0-0R(0) w:Ivanov f:AR06
HDJ0_987,HDJ0,987.26216,0.0588,134200000.0,3.0,,HDJ0,! W1-0R(0)w:AR
HDJ0_968,HDJ0,968.96753,0.0657,155500000.0,3.0,,HDJ0,! W2-0R(0)w:AR
HDJ0_952,HDJ0,952.20447,0.0327,80110000.0,3.0,,HDJ0,! W3-0R(0)w:AR
HDJ0_936,HDJ0,936.92147,0.0402,101800000.0,3.0,,HDJ0,! W4-0R(0)w:AR
HDJ0_922,HDJ0,922.92681,0.0296,72800000.0,3.0,,HDJ0,! W5-0R(0)
HDJ1_1107,HDJ1,1107.29245,0.000256,1000000000.0,3.0,-0.00789,HDJ1,"! L0-P1 w:Ivanov, f:AR06"
HDJ1_1106,HDJ1,1106.21689,0.000482,1000000000.0,3.0,-0.00696,HDJ1,! L0-0R(1) w:I f:JT/AR
HDJ1_1093,HDJ1,1093.40155,0.001012,1000000000.0,3.0,-0.00173,HDJ1,! L1-0P(1)
HDJ1_1092,HDJ1,1092.39875,0.001938,1000000000.0,3.0,-0.00084,HDJ1,! L1-0R(1)
HDJ1_1080,HDJ1,1080.17430,0.00228,1000000000.0,3.0,,HDJ1,! L2-0P(1) w:AR
HDJ1_1079,HDJ1,1079.24459,0.004339,1000000000.0,3.0,0.00483,HDJ1,! L2-0R(1) w:I
HDJ1_1067,HDJ1,1067.58691,0.003852,1000000000.0,3.0,0.00939,HDJ1,! L3-0P(1)
HDJ1_1066,HDJ1,1066.70180,0.007615,1000000000.0,3.0,0.01014,HDJ1,! 3-0R(1)
HDJ1_1055,HDJ1,1055.56544,0.006756,1000000000.0,3.0,0.01435,HDJ1,! L4-0P(1)
HDJ1_1054,HDJ1,1054.71640,0.0109,1000000000.0,3.0,,HDJ1,! L4-0R(1) w:AR
HDJ1_1044,HDJ1,1044.08545,0.006756,1000000000.0,3.0,0.01898,HDJ1,! L5-0P(1) w:I
HDJ1_1043,HDJ1,1043.29502,0.01376,1000000000.0,3.0,0.01959,HDJ1,! 5-0R(1)
HDJ1_1033,HDJ1,1033.11624,0.00768,1000000000.0,3.0,0.02325,HDJ1,! L6-0P(1)
HDJ1_1032,HDJ1,1032.36721,0.0159,1000000000.0,3.0,0.02389,HDJ1,! 6-0R(1)
HDJ1_1022,HDJ1,1022.62976,0.00814,1000000000.0,3.0,0.02722,HDJ1,! 7-0P(1)
HDJ1_1021,HDJ1,1021.91899,0.01719,1000000000.0,3.0,0.02778,HDJ1,! 7-0R(1)
HDJ1_1012,HDJ1,1012.60079,0.00819,1000000000.0,3.0,0.03086,HDJ1,! 8-0P(1)
HDJ1_1011,HDJ1,1011.92611,0.01792,1000000000.0,3.0,0.03137,HDJ1,! 8-0R(1)
HDJ1_1003,HDJ1,1003.00544,0.0079,1000000000.0,3.0,0.03425,HDJ1,! 9-0P(1)
HDJ1_1002,HDJ1,1002.36220,0.01679,1000000000.0,3.0,0.0353,HDJ1,! 9-0R(1)
HDJ1_993,HDJ1,993.80250,0.00737,1000000000.0,3.0,,HDJ1,! 10-0P(1) w:AR
HDJ1_993,HDJ1,993.19160,0.01666,1000000000.0,3.0,,HDJ1,! 10-0R(1)
HDJ1_1007,HDJ1,1007.25370,0.01542,1000000000.0,3.0,-0.00388,HDJ1,! W0R1 w:I
HDJ1_987,HDJ1,987.26670,0.02843,1000000000.0,3.0,,HDJ1,! W1-0R(1) w:AR
HDJ2_1045,HDJ2,1045.76264,0.00804,1000000000.0,3.0,0.01724,HDJ2,! 5-0P(2)
HDJ2_1023,HDJ2,1023.07083,0.0145,1000000000.0,3.0,0.02644,HDJ2,! 7-0R(2)
COJ0_1544,COJ0,1544.44800,0.01579,1000000000.0,28.0,,COJ0,! 12C16O v'=0 R(0) Morton/Noreau 1994 ApJS95:301 Tab3A
COJ1_1544,COJ1,1544.54000,0.007896,1000000000.0,28.0,,COJ1,! v'=0 Q(1)
COJ1_1544,COJ1,1544.38800,0.00788,1000000000.0,28.0,,COJ1,! v'=0 R(1)
COJ2_1544,COJ2,1544.72400,0.001578,1000000000.0,28.0,,COJ2,! v'=0 P(2)
COJ2_1544,COJ2,1544.57100,0.007886,1000000000.0,28.0,,COJ2,! v'=0 Q(2)
COJ2_1544,COJ2,1544.34500,0.006284,1000000000.0,28.0,,COJ2,! v'=0 R(2)
COJ3_1544,COJ3,1544.84700,0.002251,1000000000.0,28.0,,COJ3,! v'=0 P(3)
COJ3_1544,COJ3,1544.61900,0.00787,1000000000.0,28.0,,COJ3,! v'=0 Q(3)
COJ3_1544,COJ3,1544.31600,0.00558,1000000000.0,28.0,,COJ3,! v'=0 R(3)
COJ4_1544,COJ4,1544.98700,0.002617,1000000000.0,28.0,,COJ4,! v'=0 P(4)
COJ4_1544,COJ4,1544.68100,0.007846,1000000000.0,28.0,,COJ4,! v'=0 Q(4)
COJ4_1544,COJ4,1544.30500,0.00516,1000000000.0,28.0,,COJ4,! v'=0 R(4)
COJ5_1545,COJ5,1545.14200,0.002839,1000000000.0,28.0,,COJ5,! v'=0 P(5)
COJ5_1544,COJ5,1544.76000,0.007812,1000000000.0,28.0,,COJ5,! v'=0 Q(5)
COJ5_1544,COJ5,1544.31200,0.004839,1000000000.0,28.0,,COJ5,! v'=0 R(5)
COJ6_1545,COJ6,1545.31400,0.002975,1000000000.0,28.0,,COJ6,! v'=0 P(6)
COJ6_1544,COJ6,1544.85500,0.007759,1000000000.0,28.0,,COJ6,! v'=0 Q(6)
COJ6_1544,COJ6,1544.33800,0.004501,1000000000.0,28.0,,COJ6,! v'=0 R(6)
COJ0_1509,COJ0,1509.74800,0.0351,1000000000.0,28.0,,COJ0,! v'=1 R(0) f:Chan93 G:arbitrary [1]
COJ1_1509,COJ1,1509.83500,0.01457,1000000000.0,28.0,,COJ1,! v'=1 Q(1)
COJ1_1509,COJ1,1509.69500,0.01479,1000000000.0,28.0,,COJ1,! v'=1 R(1)
COJ2_1510,COJ2,1510.01100,0.002913,1000000000.0,28.0,,COJ2,! v'=1 P(2)
COJ2_1509,COJ2,1509.87100,0.01479,1000000000.0,28.0,,COJ2,! v'=1 Q(2)
COJ2_1509,COJ2,1509.66100,0.01207,1000000000.0,28.0,,COJ2,! v'=1 R(2)
COJ0_1477,COJ0,1477.56500,0.0402,1000000000.0,28.0,,COJ0,! v'=2 R(0) [2]
COJ1_1477,COJ1,1477.64800,0.02007,1000000000.0,28.0,,COJ1,! v'=2 Q(1)
COJ1_1477,COJ1,1477.51300,0.02007,1000000000.0,28.0,,COJ1,! v'=2 R(1)
COJ2_1477,COJ2,1477.81700,0.004013,1000000000.0,28.0,,COJ2,! v'=2 P(2)
COJ2_1477,COJ2,1477.68000,0.02006,1000000000.0,28.0,,COJ2,! v'=2 Q(2)
COJ2_1477,COJ2,1477.47700,0.01606,1000000000.0,28.0,,COJ2,! v'=2 R(2)
COJ0_1447,COJ0,1447.35200,0.0347,1000000000.0,28.0,,COJ0,! v'=3 R(0) [3]
COJ1_1447,COJ1,1447.43300,0.0173,1000000000.0,28.0,,COJ1,! v'=3 Q(1)
COJ1_1447,COJ1,1447.30400,0.0173,1000000000.0,28.0,,COJ1,! v'=3 R(1)
COJ2_1447,COJ2,1447.59400,0.003459,1000000000.0,28.0,,COJ2,! v'=3 P(2)
COJ2_1447,COJ2,1447.46500,0.0173,1000000000.0,28.0,,COJ2,! v'=3 Q(2)
COJ2_1447,COJ2,1447.27300,0.01384,1000000000.0,28.0,,COJ2,! v'=3 Q(2)
COJ0_1419,COJ0,1419.04400,0.0242,1000000000.0,28.0,,COJ0,! v'=4 R(0) [4]
COJ1_1419,COJ1,1419.12100,0.01162,1000000000.0,28.0,,COJ1,! v'=4 Q(1)
COJ1_1419,COJ1,1419.00100,0.01171,1000000000.0,28.0,,COJ1,! v'=4 R(1)
COJ0_1392,COJ0,1392.52500,0.0145,1000000000.0,28.0,,COJ0,! v'=5 R(0) [5]
COJ1_1392,COJ1,1392.60000,0.007248,1000000000.0,28.0,,COJ1,! v'=5 Q(1)
COJ1_1392,COJ1,1392.48400,0.007249,1000000000.0,28.0,,COJ1,! v'=5 R(1)
COJ0_1367,COJ0,1367.62300,0.007945,1000000000.0,28.0,,COJ0,! v'=6 R(0) [6]
COJ1_1367,COJ1,1367.69600,0.003972,1000000000.0,28.0,,COJ1,! v'=6 Q(1)
COJ1_1367,COJ1,1367.58600,0.003969,1000000000.0,28.0,,COJ1,! v'=6 R(1)
COJ2_1367,COJ2,1367.83900,0.0007944,1000000000.0,28.0,,COJ2,! v'=6 P(2)
COJ2_1367,COJ2,1367.73000,0.003968,1000000000.0,28.0,,COJ2,! v'=6 Q(2)
COJ2_1367,COJ2,1367.56600,0.003169,1000000000.0,28.0,,COJ2,! v'=6 R(2)
COJ3_1367,COJ3,1367.94600,0.001134,1000000000.0,28.0,,COJ3,! v'=6 P(3)
COJ3_1367,COJ3,1367.78200,0.00396,1000000000.0,28.0,,COJ3,! v'=6 Q(3)
COJ3_1367,COJ3,1367.56400,0.002819,1000000000.0,28.0,,COJ3,! v'=6 R(3)
COJ4_1368,COJ4,1368.07000,0.00132,1000000000.0,28.0,,COJ4,! v'=6 P(4)
COJ4_1367,COJ4,1367.85200,0.003945,1000000000.0,28.0,,COJ4,! v'=6 Q(4)
COJ4_1367,COJ4,1367.58000,0.00261,1000000000.0,28.0,,COJ4,! v'=6 R(4)
COJ5_1368,COJ5,1368.21200,0.001435,1000000000.0,28.0,,COJ5,! v'=6 P(5)
COJ5_1367,COJ5,1367.94000,0.003913,1000000000.0,28.0,,COJ5,! v'=6 Q(5)
COJ5_1367,COJ5,1367.61600,0.002427,1000000000.0,28.0,,COJ5,! v'=6 R(5)
COJ6_1368,COJ6,1368.37100,0.001505,1000000000.0,28.0,,COJ6,! v'=6 P(6)
COJ6_1368,COJ6,1368.04700,0.003811,1000000000.0,28.0,,COJ6,! v'=6 Q(6)
COJ6_1367,COJ6,1367.67500,0.001929,1000000000.0,28.0,,COJ6,! v'=6 R(6)
COJ0_1344,COJ0,1344.18600,0.00414,1000000000.0,28.0,,COJ0,! v'=7 R(0) [7]
COJ1_1344,COJ1,1344.25500,0.00207,1000000000.0,28.0,,COJ1,! v'=7 Q(1)
COJ1_1344,COJ1,1344.15100,0.00207,1000000000.0,28.0,,COJ1,! v'=7 R(1)
COJ2_1344,COJ2,1344.39400,0.000414,1000000000.0,28.0,,COJ2,! v'=7 P(2)
COJ2_1344,COJ2,1344.29000,0.00207,1000000000.0,28.0,,COJ2,! v'=7 Q(2)
COJ2_1344,COJ2,1344.13400,0.001656,1000000000.0,28.0,,COJ2,! v'=7 R(2)
COJ3_1344,COJ3,1344.49800,0.0005913,1000000000.0,28.0,,COJ3,! v'=7 P(3)
COJ3_1344,COJ3,1344.34200,0.00207,1000000000.0,28.0,,COJ3,! v'=7 Q(3)
COJ3_1344,COJ3,1344.13300,0.001479,1000000000.0,28.0,,COJ3,! v'=7 R(3)
COJ4_1344,COJ4,1344.62100,0.0006898,1000000000.0,28.0,,COJ4,! v'=7 P(4)
COJ4_1344,COJ4,1344.41300,0.00207,1000000000.0,28.0,,COJ4,! v'=7 Q(4)
COJ4_1344,COJ4,1344.15300,0.00138,1000000000.0,28.0,,COJ4,! v'=7 R(4)
COJ5_1344,COJ5,1344.75900,0.0007524,1000000000.0,28.0,,COJ5,! v'=7 P(5)
COJ5_1344,COJ5,1344.49900,0.00207,1000000000.0,28.0,,COJ5,! v'=7 Q(5)
COJ5_1344,COJ5,1344.18800,0.001317,1000000000.0,28.0,,COJ5,! v'=7 R(5)
COJ6_1344,COJ6,1344.91700,0.0007958,1000000000.0,28.0,,COJ6,! v'=7 P(6)
COJ6_1344,COJ6,1344.60400,0.002069,1000000000.0,28.0,,COJ6,! v'=7 Q(6)
COJ6_1344,COJ6,1344.24000,0.001274,1000000000.0,28.0,,COJ6,! v'=7 R(6)
COJ0_1322,COJ0,1322.15000,0.002004,1000000000.0,28.0,,COJ0,! v'=8 R(0) [8]
COJ1_1322,COJ1,1322.21700,0.001002,1000000000.0,28.0,,COJ1,! v'=8 Q(1)
COJ1_1322,COJ1,1322.11900,0.001002,1000000000.0,28.0,,COJ1,! v'=8 R(1)
COJ2_1322,COJ2,1322.35100,0.0002004,1000000000.0,28.0,,COJ2,! v'=8 P(2)
COJ2_1322,COJ2,1322.25300,0.001003,1000000000.0,28.0,,COJ2,! v'=8 Q(2)
COJ2_1322,COJ2,1322.10500,0.0008024,1000000000.0,28.0,,COJ2,! v'=8 R(2)
COJ3_1322,COJ3,1322.45500,0.0002862,1000000000.0,28.0,,COJ3,! v'=8 P(3)
COJ3_1322,COJ3,1322.30600,0.001004,1000000000.0,28.0,,COJ3,! v'=8 Q(3)
COJ3_1322,COJ3,1322.10800,0.0007164,1000000000.0,28.0,,COJ3,! v'=8 R(3)
COJ4_1322,COJ4,1322.57500,0.0003342,1000000000.0,28.0,,COJ4,! v'=8 P(4)
COJ4_1322,COJ4,1322.37700,0.001004,1000000000.0,28.0,,COJ4,! v'=8 Q(4)
COJ4_1322,COJ4,1322.13000,0.0006687,1000000000.0,28.0,,COJ4,! v'=8 R(4)
COJ5_1322,COJ5,1322.71400,0.0003646,1000000000.0,28.0,,COJ5,! v'=8 P(5)
COJ5_1322,COJ5,1322.46700,0.001004,1000000000.0,28.0,,COJ5,! v'=8 Q(5)
COJ5_1322,COJ5,1322.16900,0.0006389,1000000000.0,28.0,,COJ5,! v'=8 R(5)
COJ6_1322,COJ6,1322.87000,0.0003855,1000000000.0,28.0,,COJ6,! v'=8 P(6)
COJ6_1322,COJ6,1322.57300,0.001005,1000000000.0,28.0,,COJ6,! v'=8 Q(6)
COJ6_1322,COJ6,1322.22700,0.0006178,1000000000.0,28.0,,COJ6,! v'=8 R(6)
COJ0_1301,COJ0,1301.40300,0.00095,1000000000.0,28.0,,COJ0,! v'=9 R(0) [9]
COJ1_1301,COJ1,1301.46800,0.000475,1000000000.0,28.0,,COJ1,! v'=9 Q(1)
COJ1_1301,COJ1,1301.37400,0.000475,1000000000.0,28.0,,COJ1,! v'=9 R(1)
COJ2_1301,COJ2,1301.59800,9.499e-05,1000000000.0,28.0,,COJ2,! v'=9 P(2)
COJ2_1301,COJ2,1301.50500,0.000475,1000000000.0,28.0,,COJ2,! v'=9 Q(2)
COJ2_1301,COJ2,1301.36400,0.00038,1000000000.0,28.0,,COJ2,! v'=9 R(2)
COJ3_1301,COJ3,1301.70000,0.0001357,1000000000.0,28.0,,COJ3,! v'=9 P(3)
COJ3_1301,COJ3,1301.55900,0.000475,1000000000.0,28.0,,COJ3,! v'=9 Q(3)
COJ3_1301,COJ3,1301.37000,0.0003393,1000000000.0,28.0,,COJ3,! v'=9 R(3)
COJ4_1301,COJ4,1301.82000,0.0001583,1000000000.0,28.0,,COJ4,! v'=9 P(4)
COJ4_1301,COJ4,1301.63100,0.0004749,1000000000.0,28.0,,COJ4,! v'=9 Q(4)
COJ4_1301,COJ4,1301.39600,0.0003167,1000000000.0,28.0,,COJ4,! v'=9 R(4)
COJ5_1301,COJ5,1301.95700,0.0001727,1000000000.0,28.0,,COJ5,! v'=9 P(5)
COJ5_1301,COJ5,1301.72200,0.0004749,1000000000.0,28.0,,COJ5,! v'=9 Q(5)
COJ5_1301,COJ5,1301.43800,0.0003023,1000000000.0,28.0,,COJ5,! v'=9 R(5)
COJ6_1302,COJ6,1302.11300,0.0001826,1000000000.0,28.0,,COJ6,! v'=9 P(6)
COJ6_1301,COJ6,1301.82900,0.0004749,1000000000.0,28.0,,COJ6,! v'=9 Q(6)
COJ6_1301,COJ6,1301.50000,0.0002923,1000000000.0,28.0,,COJ6,! v'=9 R(6)
COJ0_1281,COJ0,1281.86600,0.0004096,1000000000.0,28.0,,COJ0,! v'=10 R(0) [10]
COJ1_1281,COJ1,1281.92900,0.0002048,1000000000.0,28.0,,COJ1,! v'=10 Q(1)
COJ1_1281,COJ1,1281.83800,0.0002048,1000000000.0,28.0,,COJ1,! v'=10 R(1)
COJ2_1282,COJ2,1282.05500,4.095e-05,1000000000.0,28.0,,COJ2,! v'=10 P(2)
COJ2_1281,COJ2,1281.96400,0.0002048,1000000000.0,28.0,,COJ2,! v'=10 Q(2)
COJ2_1281,COJ2,1281.83100,0.0001637,1000000000.0,28.0,,COJ2,! v'=10 R(2)
COJ3_1282,COJ3,1282.15400,5.85e-05,1000000000.0,28.0,,COJ3,! v'=10 P(3)
COJ3_1282,COJ3,1282.02000,0.0002046,1000000000.0,28.0,,COJ3,! v'=10 Q(3)
COJ3_1281,COJ3,1281.84000,0.0001461,1000000000.0,28.0,,COJ3,! v'=10 R(3)
COJ4_1282,COJ4,1282.27300,6.818e-05,1000000000.0,28.0,,COJ4,! v'=10 P(4)
COJ4_1282,COJ4,1282.09300,0.0002046,1000000000.0,28.0,,COJ4,! v'=10 Q(4)
COJ4_1281,COJ4,1281.84000,0.0001364,1000000000.0,28.0,,COJ4,! v'=10 R(4)
COJ5_1282,COJ5,1282.40900,7.437e-05,1000000000.0,28.0,,COJ5,! v'=10 P(5)
COJ5_1282,COJ5,1282.18400,0.0002045,1000000000.0,28.0,,COJ5,! v'=10 Q(5)
COJ5_1281,COJ5,1281.91400,0.0001302,1000000000.0,28.0,,COJ5,! v'=10 R(5)
COJ6_1282,COJ6,1282.56300,7.865e-05,1000000000.0,28.0,,COJ6,! v'=10 P(6)
COJ6_1282,COJ6,1282.29400,0.0002045,1000000000.0,28.0,,COJ6,! v'=10 Q(6)
COJ6_1281,COJ6,1281.97900,0.0001259,1000000000.0,28.0,,COJ6,! v'=10 R(6)
COJ0_1263,COJ0,1263.43300,0.00018,1000000000.0,28.0,,COJ0,! v'=11 R(0) [11]
COJ1_1263,COJ1,1263.49400,9e-05,1000000000.0,28.0,,COJ1,! v'=11 Q(1)
COJ1_1263,COJ1,1263.40900,9e-05,1000000000.0,28.0,,COJ1,! v'=11 R(1)
COJ2_1263,COJ2,1263.61700,1.8e-05,1000000000.0,28.0,,COJ2,! v'=11 P(2)
COJ2_1263,COJ2,1263.53200,9e-05,1000000000.0,28.0,,COJ2,! v'=11 Q(2)
COJ2_1263,COJ2,1263.40300,7.2e-05,1000000000.0,28.0,,COJ2,! v'=11 R(2)
COJ3_1263,COJ3,1263.71600,2.571e-05,1000000000.0,28.0,,COJ3,! v'=11 P(3)
COJ3_1263,COJ3,1263.58700,8.999e-05,1000000000.0,28.0,,COJ3,! v'=11 Q(3)
COJ3_1263,COJ3,1263.41600,6.429e-05,1000000000.0,28.0,,COJ3,! v'=11 R(3)
COJ4_1263,COJ4,1263.83300,2.999e-05,1000000000.0,28.0,,COJ4,! v'=11 P(4)
COJ4_1263,COJ4,1263.66100,8.999e-05,1000000000.0,28.0,,COJ4,! v'=11 Q(4)
COJ4_1263,COJ4,1263.44700,6e-05,1000000000.0,28.0,,COJ4,! v'=11 R(4)
COJ5_1263,COJ5,1263.96800,3.271e-05,1000000000.0,28.0,,COJ5,! v'=11 P(5)
COJ5_1263,COJ5,1263.75400,8.998e-05,1000000000.0,28.0,,COJ5,! v'=11 Q(5)
COJ5_1263,COJ5,1263.49800,5.727e-05,1000000000.0,28.0,,COJ5,! v'=11 R(5)
COJ6_1264,COJ6,1264.12300,3.46e-05,1000000000.0,28.0,,COJ6,! v'=11 P(6)
COJ6_1263,COJ6,1263.86600,8.997e-05,1000000000.0,28.0,,COJ6,! v'=11 Q(6)
COJ6_1263,COJ6,1263.56700,5.538e-05,1000000000.0,28.0,,COJ6,! v'=11 R(6)
