#wave,Ion,Ei (eV),Ek (eV),Configurations,Terms,Ji - Jk,Type  (if not E1),Creation IP (eV),Observation References,Type,physical_basis,intrinsic_ratio,is_doublet,doublet_id,doublet_member
770.409,Ne VIII,0,16.093,1s22s - 1s22p,2S - 2P0,1/2 - 3/2,E1,207.27,Z97,resonance,f-value,1,TRUE,Ne VIII|1s22s - 1s22p|2S - 2P0,1
780.324,Ne VIII,0,15.889,1s22s - 1s22p,2S - 2P0,1/2 - 1/2,E1,207.27,Z97,resonance,f-value,0.5,TRUE,Ne VIII|1s22s - 1s22p|2S - 2P0,2
937.814,Lyε,0,13.221,1s - 6,2S -,1/2 -,E1,0,VB01,-,-,-,FALSE,-,-
949.742,Lyδ,0,13.055,1s - 5,2S -,1/2 -,E1,0,VB01,-,-,-,FALSE,-,-
977.03,C III,0,12.69,1s22s2 - 1s22s2p,1S - 1P0,0 - 1,E1,24.38,Z97,-,-,-,FALSE,-,-
989.79,N III,0,12.526,2s22p - 2s2p2,2P0 - 2D,1/2 - 3/2,E1,29.6,Z97,-,-,-,FALSE,-,-
991.514,N III,0.022,12.526,2s22p - 2s2p2,2P0 - 2D,3/2 - 3/2,E1,29.6,Z97,-,-,-,FALSE,-,-
991.579,N III,0.022,12.525,2s22p - 2s2p2,2P0 - 2D,3/2 - 5/2,E1,29.6,Z97,-,-,-,FALSE,-,-
1025.722,Lyβ,0,12.088,1s - 3,2S -,1/2 -,E1,0,VB01,-,-,-,FALSE,-,-
1031.912,O VI,0,12.015,1s22s - 1s22p,2S - 2Po,1/2-3/2,E1,113.9,VB01,resonance,f-value,1,TRUE,O VI|1s22s - 1s22p|2S - 2Po,1
1037.613,O VI,0,11.949,1s22s - 1s22p,2S - 2Po,1/2-1/2,E1,113.9,VB01,resonance,f-value,0.5,TRUE,O VI|1s22s - 1s22p|2S - 2Po,2
1066.66,Ar I,0,11.624,3s23p6 - 3s23p5(2P03/2)4s,1S - 2[3/2]0,0 - 1,E1,0,Z97,-,-,-,FALSE,-,-
1206.5,Si III,-,-,-,-,-,E1,-,Savage+2001,-,-,-,FALSE,-,-
1215.67,Lyα,0,10.199,1s - 2,2S -,1/2 -,E1,0,VB01,-,-,-,FALSE,-,-
1238.821,N V,0,10.008,1s22s - 1s22p,2S - 2Po,1/2-3/2,E1,77.47,FO87,resonance,f-value,1,TRUE,N V|1s22s - 1s22p|2S - 2Po,1
1242.804,N V,0,9.976,1s22s - 1s22p,2S - 2Po,1/2-1/2,E1,77.47,FO87,resonance,f-value,0.5,TRUE,N V|1s22s - 1s22p|2S - 2Po,2
1260.422,Si II,0,9.837,3s23p - 3s23d,2P0 - 2D,1/2 - 3/2,E1,8.15,LM04,-,-,-,FALSE,-,-
1264.73,Si II,0.036,9.839,3s23p - 3s23d,2P0 - 2D,3/2 - 5/2,E1,8.15,LM04,-,-,-,FALSE,-,-
1302.168,O I,0,9.521,2s22p4 - 2s22p3(4S0)3s,3P - 3S0,2 - 1,E1,0,VB01,-,-,-,FALSE,-,-
1334.532,C II,0,9.29,2s22p - 2s2p2,2P0 - 2D,1/2 - 3/2,E1,11.26,LM04,-,-,-,FALSE,-,-
1335.708,C II,0.008,9.29,2s22p - 2s2p2,2P0 - 2D,3/2 - 5/2,E1,11.26,LM04,-,-,-,FALSE,-,-
1355.598,O I,0.000,9.145,2p4 3P - 2p3(4S)3s,3P - 5S0,2 - 2,M1+E2,13.618,M03;NIST,intercombination,spin-forbidden,1,FALSE,,0
1393.755,Si IV,0,8.896,2p63s - 2p63p,2S - 2Po,1/2-3/2,E1,33.49,VB01,resonance,f-value,1,TRUE,Si IV|2p63s - 2p63p|2S - 2Po,1
1397.232,O IV],0,8.874,2s22p - 2s2p2,2P0 - 4P,1/2-3/2,E1,54.93,-,semiforbidden,environment dependent,1,TRUE,O IV]|2s22p - 2s2p2|2P0 - 4P,1
1399.78,O IV],0,8.857,2s22p - 2s2p2,2P0 - 4P,1/2-1/2,E1,54.93,-,semiforbidden,environment dependent,-,TRUE,O IV]|2s22p - 2s2p2|2P0 - 4P,2
1402.77,Si IV,0,8.839,2p63s - 2p63p,2S - 2Po,1/2-1/2,E1,33.49,VB01,resonance,f-value,0.5,TRUE,Si IV|2p63s - 2p63p|2S - 2Po,2
1486.496,N IV],0,8.341,1s22s2 - 1s22s2p,1S - 3P0,0 - 1,E1,47.45,FO87,-,-,-,FALSE,-,-
1548.187,C IV,0,8.008,1s22s - 1s22p,2S - 2Po,1/2-3/2,E1,47.89,-,resonance,f-value,1,TRUE,C IV|1s22s - 1s22p|2S - 2Po,1
1550.772,C IV,0,7.995,1s22s - 1s22p,2S - 2Po,1/2-1/2,E1,47.89,-,resonance,f-value,0.5,TRUE,C IV|1s22s - 1s22p|2S - 2Po,2
1640.42,He II,40.813,48.371,-,-,-,E1,54.42,FO87,-,-,-,FALSE,-,-
1660.809,O III],0.014,7.479,2s22p2 - 2s2p3,3P - 5So,1 - 2,E1,35.12,FO87,semiforbidden,A-value,1,TRUE,O III]|2s22p2 - 2s2p3|3P - 5So,1
1666.15,O III],0.038,7.479,2s22p2 - 2s2p3,3P - 5So,2 - 2,E1,35.12,FO87,semiforbidden,A-value,2.5,TRUE,O III]|2s22p2 - 2s2p3|3P - 5So,2
1746.823,N III],0,7.098,2s22p - 2s2p2,2P0 - 4P,1/2-3/2,E1,29.6,VB01,semiforbidden,A-value,1,TRUE,N III]|2s22p - 2s2p2|2P0 - 4P,1
1748.656,N III],0,7.09,2s22p - 2s2p2,2P0 - 4P,1/2-1/2,E1,29.6,VB01,semiforbidden,A-value,1,TRUE,N III]|2s22p - 2s2p2|2P0 - 4P,2
1854.716,Al III,0,6.685,2p63s - 2p63p,2S - 2Po,1/2-3/2,E1,18.83,VB01,resonance,f-value,1,TRUE,Al III|2p63s - 2p63p|2S - 2Po,1
1862.79,Al III,0,6.656,2p63s - 2p63p,2S - 2Po,1/2-1/2,E1,18.83,VB01,resonance,f-value,0.5,TRUE,Al III|2p63s - 2p63p|2S - 2Po,2
1882.71,Si III],0,6.585,3s2 - 3s3p,1S0 - 3P0,0-2,M2,16.35,-,forbidden,environment dependent,1,TRUE,[Si III]|3s2 - 3s3p|1S0 - 3P0,1
1892.03,Si III],0,6.553,3s2 - 3s3p,1S0 - 3P0,0-1,E1,16.35,-,intercombination,environment dependent,-,TRUE,[Si III]|3s2 - 3s3p|1S0 - 3P0,2
1906.68,C III],-,-,-,-,-,E1,-,-,-,-,-,FALSE,-,-
1908.734,C III],0,6.496,1s22s2 - 1s22s2p,1S - 3P0,0 - 1,E1,24.38,FO87,-,-,-,FALSE,-,-
2142.78,N II],0.016,5.801,2s22p2 - 2s2p3,3P - 5S0,2 - 2,E1,14.53,LM04,-,-,-,FALSE,-,-
2320.951,[O III],0.014,5.354,2s22p2 - 2s22p2,3P-1S,1 - 0,M1,35.12,FO87,-,-,-,FALSE,-,-
2323.5,C II],0,5.334,2s22p - 2s22p,2P0 - 4P,1/2-3/2,E1,11.26,LM04,-,-,-,FALSE,-,-
2324.69,C II],0,5.332,2s22p - 2s22p,2P0 - 4P,1/2-1/2,E1,11.26,LM04,-,-,-,FALSE,-,-
2648.71,[Fe XI],0,4.68,3s23p4 - 3s23p4,3P-1D,2 - 2,M1,262.1,P98,-,-,-,FALSE,-,-
2733.289,He II,48.371,52.906,-,-,-,E1,54.42,T00,-,-,-,FALSE,-,-
2782.7,[Mg V],0,4.454,2s22p4 - 2s22p4,3P-1D,45690,M1,109.24,R11,-,-,-,FALSE,-,-
2795.528,Mg II],0,4.434,2p63s - 2p63p,2S - 2P0,1/2-3/2,E1,7.65,R11,-,-,-,FALSE,-,-
2802.705,Mg II],0,4.422,2p63s - 2p63p,2S - 2Po,1/2-1/2,E1,7.65,R11,-,-,-,FALSE,-,-
2829.36,[Fe IV],0,4.381,3d5 - 3d5,6S-4P,5/2-3/2,M1,30.65,R11,-,-,-,FALSE,-,-
2835.74,[Fe IV],0,4.371,3d5 - 3d5,6S-4P,5/2-5/2,M1,30.65,R11,-,-,-,FALSE,-,-
2853.67,[Ar IV],0,4.343,3s23p3 - 3s23p3,4S0 - 2P0,3/2 - 3/2,M1,40.74,T00,-,-,-,FALSE,-,-
2868.21,[Ar IV],0,4.321,3s23p3 - 3s23p3,4S0 - 2P0,3/2 - 1/2,M1,40.74,T00,-,-,-,FALSE,-,-
2928,[Mg V],0.221,4.454,2s22p4 - 2s22p4,3P - 1D,1 - 2,M1,109.24,T00,-,-,-,FALSE,-,-
2945.106,He I,19.82,24.028,1s2s - 1s5p,-,-,E1,0,T00,-,-,-,FALSE,-,-
3132.794,O III,36.893,40.849,2s22p(2P0)3p - 2s22p(2P0)3d,3S - 3P0,45659,E1,35.12,R11,-,-,-,FALSE,-,-
3187.745,He I,19.82,23.708,1s2s - 1s4p,3S - 3P0,,E1,0,R11,-,-,-,FALSE,-,-
3203.1,He II,48.371,52.241,-,-,-,E1,54.42,R11,-,-,-,FALSE,-,-
3312.329,O III,33.151,36.893,2s22p(2P0)3s - 2s22p(2P0)3p,3P0 - 3S,45658,E1,35.12,R11,-,-,-,FALSE,-,-
3345.821,[Ne V],0.051,3.756,2s22p2 - 2s22p2,3P-1D,45659,M1,97.11,-,-,-,-,FALSE,-,-
3425.881,[Ne V],0.138,3.756,2s22p2 - 2s22p2,3P-1D,45690,M1,97.11,-,-,-,-,FALSE,-,-
3444.052,O III,37.25,40.849,2s22p(2P0)3p - 2s22p(2P0)3d,3P - 3P0,2 - 2,E1,35.12,FO87,-,-,-,FALSE,-,-
3466.497,[N I],0,3.576,2s22p3 - 2s22p3,4S0 - 2P0,3/2-3/2,M1,0,R11,-,-,-,FALSE,-,-
3466.543,[N I],0,3.576,2s22p3 - 2s22p3,4S0 - 2P0,3/2-1/2,M1,0,R11,-,-,-,FALSE,-,-
3487.727,He I,20.964,24.518,-,3Po-3D,-,E1,0,R11,-,-,-,FALSE,-,-
3586.32,[Fe VII],0.13,3.587,3p63d2 - 3p63d2,3F-1G,3 - 4,M1,99,FO87,-,-,-,FALSE,-,-
3662.5,[Fe VI],0.147,3.532,3d3 - 3d3,4F-2D2,7/2-5/2,M1,75,R11,-,-,-,FALSE,-,-
3686.831,H19,10.199,13.561,2 - 19,-,-,E1,0,TI05,-,-,-,FALSE,-,-
3691.551,H18,10.199,13.556,2 - 18,-,-,E1,0,TI05,-,-,-,FALSE,-,-
3697.157,H17,10.199,13.551,2 - 17,-,-,E1,0,TI05,-,-,-,FALSE,-,-
3703.859,H16,10.199,13.545,2 - 16,-,-,E1,0,I04,-,-,-,FALSE,-,-
3711.977,H15,10.199,13.538,2 - 15,-,-,E1,0,-,-,-,-,FALSE,-,-
3721.945,H14,10.199,13.529,2 - 14,-,-,E1,0,-,-,-,-,FALSE,-,-
3726.032,[O II],0,3.327,2s22p3 - 2s22p3,4S0 - 2D0,3/2-3/2,M1,13.62,-,forbidden,environment dependent,1,TRUE,[O II]|2s22p3 - 2s22p3|4S0 - 2D0,1
3728.815,[O II],0,3.324,2s22p3 - 2s22p3,4S0 - 2D0,3/2-5/2,M1,13.62,-,forbidden,environment dependent,-,TRUE,[O II]|2s22p3 - 2s22p3|4S0 - 2D0,2
3734.369,H13,10.199,13.518,2 - 13,-,-,E1,0,-,-,-,-,FALSE,-,-
3750.158,H12,10.199,13.504,2 - 12,-,-,E1,0,-,-,-,-,FALSE,-,-
3758.92,[Fe VII],0.289,3.587,3p63d2 - 3p63d2,3F-1G,45751,M1,99,FO87_R11,-,-,-,FALSE,-,-
3770.637,H11,10.199,13.486,2 - 11,-,-,E1,0,-,-,-,-,FALSE,-,-
3797.904,H10,10.199,13.462,2 - 10,-,-,E1,0,-,-,-,-,FALSE,-,-
3835.391,H9,10.199,13.431,2 - 9,-,-,E1,0,-,-,-,-,FALSE,-,-
3839.27,[Fe V],0.01,3.328,3d4 - 3d4,5D-3F2,45719,M1,54.8,R11,-,-,-,FALSE,-,-
3868.76,[Ne III],0,3.204,2s22p4 - 2s22p4,3P-1D,45690,M1,40.96,-,forbidden,A-value,1,TRUE,[Ne III]|2s22p4 - 2s22p4|3P-1D,1
3888.647,He I,-,-,-,-,-,E1,0,-,-,-,-,FALSE,-,-
3889.064,H8,10.199,13.386,2 - 8,-,-,E1,0,-,-,-,-,FALSE,-,-
3891.28,[Fe V],0.159,3.344,3d4 - 3d4,5D-3F2,45751,M1,54.8,FO87_ R11,-,-,-,FALSE,-,-
3911.33,[Fe V],0.159,3.328,3d4 - 3d4,5D-3F2,4 - 3,M1,54.8,FO87,-,-,-,FALSE,-,-
3967.47,[Ne III],0.08,3.204,2s22p4 - 2s22p4,3P-1D,45659,M1,40.96,-,forbidden,A-value,0.3333333333,TRUE,[Ne III]|2s22p4 - 2s22p4|3P-1D,2
3970.079,Hε,10.199,13.321,2 - 7,-,-,E1,0,-,-,-,-,FALSE,-,-
4026.19,He I,20.964,24.042,1s2p - 1s5d,3P0 - 3D,-,E1,0,R11,-,-,-,FALSE,-,-
4068.6,[S II],0,3.046,3s23p3 - 3s23p3,4S0 - 2P0,3/2-3/2,M1,10.36,R11,forbidden,environment dependent,1,TRUE,[S II]|3s23p3 - 3s23p3|4S0 - 2P0,1
4071.24,[Fe V],0.052,3.096,3d4 - 3d4,5D-3P2,2 - 1,M1,54.8,FO87,-,-,-,FALSE,-,-
4076.349,[S II],0,3.041,3s23p3 - 3s23p3,4S0 - 2P0,3/2-1/2,M1,10.36,R11,forbidden,environment dependent,-,TRUE,[S II]|3s23p3 - 3s23p3|4S0 - 2P0,2
4101.742,Hδ,10.199,13.221,2 - 6,-,-,E1,0,-,-,-,-,FALSE,-,-
4143.761,He I,21.218,24.209,1s2p - 1s6d,1P0 - 1D,-,E1,0,T00,-,-,-,FALSE,-,-
4178.862,Fe II,2.583,5.549,3d6(3P2)4s - 3d6(5D)4p,b 4P - z 4F0,5/2 - 7/2,E1,7.87,OP85,-,-,-,FALSE,-,-
4180.6,[Fe V],0.018,2.982,3d4 - 3d4,5D-3P2,1-0,M1,54.8,R11,-,-,-,FALSE,-,-
4233.172,Fe II,2.583,5.511,3d6(3P2)4s - 3d6(5D)4p,b 4P - z 4D0,5/2 - 7/2,E1,7.87,OP85,-,-,-,FALSE,-,-
4227.19,[Fe V],0.159,3.091,3d4 - 3d4,5D - 3H,4 - 4,M1,54.8,I04,-,-,-,FALSE,-,-
4287.394,[Fe II],0,2.891,3d6(5D)4s - 3d54s2,a 6D - a 6S,9/2 - 5/2,E2,7.87,I01,-,-,-,FALSE,-,-
4303.176,Fe II,2.704,5.584,3d6(3P2)4s - 3d6(5D)4p,b 4P - z 4D0,3/2 - 3/2,E1,7.87,OP85,-,-,-,FALSE,-,-
4317.139,O II,22.966,25.837,2s22p2(3P)3s - 2s22p2(3P)3p,4P - 4P0,1/2-3/2,E1,13.62,R11,-,-,-,FALSE,-,-
4340.471,Hγ,10.199,13.055,2 - 5,-,-,E1,0,-,-,-,-,FALSE,-,-
4363.21,[O III],2.514,5.354,2s22p2 - 2s22p2,1D-1S,2-0,E2,35.12,-,-,-,-,FALSE,-,-
4412.3,[Ar XIV],0,2.809,2s22p - 2s22p,2P0 - 2P0,1/2-3/2,M1,686.09,W11,-,-,-,FALSE,-,-
4414.899,O II,23.442,26.249,2s22p2(3P)3s - 2s22p2(3P)3p,2P - 2D0,3/2-5/2,E1,13.62,R11,-,-,-,FALSE,-,-
4416.83,Fe II,2.778,5.585,3d6(3P2)4s - 3d6(5D)4p,b 4P - z 4D0,1/2 - 3/2,E1,7.87,OP85,-,-,-,FALSE,-,-
4452.098,[Fe II],0.107,2.891,3d6(5D)4s - 3d54s2,a 6D - a 6S,3/2 - 5/2,E2,7.87,I01,-,-,-,FALSE,-,-
4471.479,He I,20.964,23.736,1s2p - 1s4d,3P0 - 3D,-,E1,0,-,-,-,-,FALSE,-,-
4489.183,Fe II,2.828,5.589,3d6(3F2)4s - 3d6(5D)4p,b 4F - z 4F0,7/2 - 5/2,E1,7.87,OP85,-,-,-,FALSE,-,-
4491.405,Fe II,2.856,5.615,3d6(3F2)4s - 3d6(5D)4p,b 4F - z 4F0,3/2 - 3/2,E1,7.87,OP85,-,-,-,FALSE,-,-
4510.91,N III,35.649,38.397,2s2p(3P0)3s - 2s2p(3P0)3p,4P0 - 4D,1/2 - 3/2,E1,29.6,I01,-,-,-,FALSE,-,-
4522.634,Fe II,2.844,5.585,3d6(3F2)4s - 3d6(5D)4p,b 4F - z 4D0,5/2 - 3/2,E1,7.87,OP85,-,-,-,FALSE,-,-
4555.893,Fe II,2.828,5.549,3d6(3F2)4s - 3d6(5D)4p,b 4F - z 4F0,7/2 - 7/2,E1,7.87,OP85,-,-,-,FALSE,-,-
4582.835,Fe II,2.844,5.549,3d6(3F2)4s - 3d6(5D)4p,b 4F - z 4F0,5/2 - 7/2,E1,7.87,OP85,-,-,-,FALSE,-,-
4583.837,Fe II,2.807,5.511,3d6(3F2)4s - 3d6(5D)4p,b 4F - z 4D0,9/2 - 7/2,E1,7.87,OP85,-,-,-,FALSE,-,-
4629.339,Fe II,2.807,5.484,3d6(3F2)4s - 3d6(5D)4p,b 4F - z 4F0,9/2 - 9/2,E1,7.87,OP85,-,-,-,FALSE,-,-
4634.14,N III,30.459,33.133,2s23p - 2s23d,2P0 - 2D,1/2 - 3/2,E1,29.6,OC82,-,-,-,FALSE,-,-
4640.64,N III,30.463,33.134,2s23p - 2s23d,2P0 - 2D,3/2 - 5/2,E1,29.6,OC82,-,-,-,FALSE,-,-
4641.85,N III,30.463,33.133,2s23p - 2s23d,2P0 - 2D,3/2 - 3/2,E1,29.6,OC82,-,-,-,FALSE,-,-
4647.42,C III,29.535,32.202,1s22s3s - 1s22s3p,3S - 3P0,1 - 2,E1,24.38,S99,-,-,-,FALSE,-,-
4650.25,C III,29.535,32.2,1s22s3s - 1s22s3p,3S - 3P0,1 - 1,E1,24.38,S99,-,-,-,FALSE,-,-
4651.47,C III,29.535,32.199,1s22s3s - 1s22s3p,3S - 3P0,1 - 0,E1,24.38,S99,-,-,-,FALSE,-,-
4658.05,[Fe III],0,2.661,3d6 - 3d6,5D-3F2,45751,M1,16.18,S99,-,-,-,FALSE,-,-
4685.71,He II,48.371,51.017,-,-,-,E1,54.42,-,-,-,-,FALSE,-,-
4701.62,[Fe III],-,-,-,-,-,-,-,-,-,-,-,FALSE,-,-
4711.26,[Ar IV],0,2.631,3s23p3 - 3s23p3,4S0 - 2D0,3/2-5/2,M1,40.74,-,-,-,-,FALSE,-,-
4740.12,[Ar IV],0,2.615,3s23p3 - 3s23p3,4S0 - 2D0,3/2-3/2,M1,40.74,-,-,-,-,FALSE,-,-
4861.333,Hβ,10.199,12.749,2 - 4,-,-,E1,0,-,-,-,-,FALSE,-,-
4881.111,[Fe III],0,20.481,4 - 4,-,-,-,0,-,-,-,-,FALSE,-,-
4893.37,[Fe VII],0,2.533,3p63d2 - 3p63d2,3F-3P,45689,M1,99,R11,-,-,-,FALSE,-,-
4903.07,[Fe IV],4.005,6.533,3d5 - 3d5,4G-4F,7/2-7/2,M1,30.65,R11,-,-,-,FALSE,-,-
4923.927,Fe II,2.891,5.408,3d54s2 - 3d6(5D)4p,a6S - z6P0,5/2-3/2,E1,7.87,OP85,-,-,-,FALSE,-,-
4958.911,[O III],0.014,2.514,2s22p2 - 2s22p2,3P-1D,45659,M1,35.12,-,forbidden,A-value,1,TRUE,[O III]|2s22p2 - 2s22p2|3P-1D,1
5006.843,[O III],0.038,2.514,2s22p2 - 2s22p2,3P-1D,45690,M1,35.12,-,forbidden,A-value,2.98,TRUE,[O III]|2s22p2 - 2s22p2|3P-1D,2
5018.44,Fe II,2.891,5.361,3d54s2 - 3d6(5D)4p,a6S - z6P0,5/2-5/2,E1,7.87,OP85,-,-,-,FALSE,-,-
5084.77,[Fe III],0.127,2.565,3d6 - 3d6,5D - 3P2,0 - 1,M1,16.18,I01,-,-,-,FALSE,-,-
5145.75,[Fe VI],0.147,2.556,3d3 - 3d3,4F-2G,7/2-7/2,M1,75,R11,-,-,-,FALSE,-,-
5158.89,[Fe VII],0.131,2.533,3p63d2 - 3p63d2,3F-3P,45717,E2,99,R11,-,-,-,FALSE,-,-
5169.033,Fe II,2.891,5.289,3d54s2 - 3d6(5D)4p,a 6S - z 6P0,5/2 - 7/2,E1,7.87,OP85,-,-,-,FALSE,-,-
5176.04,[Fe VI],0.248,2.643,3d3 - 3d3,4F-2G,9/2-9/2,M1,75,R11,-,-,-,FALSE,-,-
5191.8,[Ar III],-,-,-,-,-,-,-,-,-,-,-,FALSE,-,-
5197.577,Fe II,3.23,5.615,3d6(3G)4s - 3d6(5D)4p,a 4G - z 4F0,5/2 - 3/2,E1,7.87,OP85,-,-,-,FALSE,-,-
5200.257,[N I],0,2.384,2s22p3 - 2s22p3,4S0 - 2D0,3/2-5/2,M1,0,-,-,-,-,FALSE,-,-
5234.625,Fe II,3.221,5.589,3d6(3G)4s - 3d6(5D)4p,a 4G - z 4F0,7/2 - 5/2,E1,7.87,OP85,-,-,-,FALSE,-,-
5236.06,[Fe IV],4.005,6.372,3d5 - 3d5,4G-2F2,5/2-7/2,M1,30.65,R11,-,-,-,FALSE,-,-
5270.4,[Fe III],0.054,2.406,3d6 - 3d6,5D - 3P2,3 - 2,M1,16.18,I04,-,-,-,FALSE,-,-
5276.002,Fe II,3.199,5.549,3d6(3G)4s - 3d6(5D)4p,a 4G - z 4F0,9/2 - 7/2,E1,7.87,OP85,-,-,-,FALSE,-,-
5276.38,[Fe VII],0.289,2.638,3p63d2 - 3p63d2,3F-3P,45749,E2,99,R11,-,-,-,FALSE,-,-
5302.86,[Fe XIV],0,2.337,3s23p - 3s23p,2P0 - 2P0,1/2-3/2,M1,361,FO87_ K08,-,-,-,FALSE,-,-
5309.11,[Ca V],0,2.335,3s23p4 - 3s23p4,3P-1D,45690,M1,67.1,R11,-,-,-,FALSE,-,-
5316.615,Fe II,3.153,5.484,3d6(3G)4s - 3d6(5D)4p,a 4G - z 4F0,11/2 - 9/2,E1,7.87,OP85,-,-,-,FALSE,-,-
5316.784,Fe II,3.221,5.553,3d6(3G)4s - 3d6(5D)4p,a 4G - z 4D0,7/2 - 5/2,E1,7.87,OP85,-,-,-,FALSE,-,-
5335.18,[Fe VI],0,2.323,3d3 - 3d3,4F-4P,3/2-1/2,M1,75,R11,-,-,-,FALSE,-,-
5424.22,[Fe VI],0.063,2.349,3d3 - 3d3,4F - 4P,5/2-3/2,M1,75,R11,-,-,-,FALSE,-,-
5517.709,[Cl III],0,2.246,3s23p3 - 3s23p3,4S0 - 2D0,3/2 - 5/2,M1,23.81,I04_ T00,-,-,-,FALSE,-,-
5537.873,[Cl III],0,2.238,3s23p3 - 3s23p3,4S0 - 2D0,3/2 - 3/2,M1,23.81,I04_ T00,-,-,-,FALSE,-,-
5637.6,[Fe VI],3.532,5.73,3d3 - 3d3,2D2 - 2F,5/2 - 7/2,M1,75,I01,-,-,-,FALSE,-,-
5677,[Fe VI],0.248,2.431,3d3 - 3d3,4F - 4P,9/2 - 5/2,E2,75,I01,-,-,-,FALSE,-,-
5695.92,C III,32.103,34.28,1s22s3p - 1s22s3d,1P0 - 1D,1 - 2,E1,24.38,S99,-,-,-,FALSE,-,-
5720.7,[Fe VII],0,2.167,3p63d2 - 3p63d2,3F - 1D,45690,M1,99,FO87_ R11,-,-,-,FALSE,-,-
5754.59,[N II],1.899,4.053,2s22p2 - 2s22p2,1D - 1S,2 - 0,E2,14.53,T00,-,-,-,FALSE,-,-
5801.33,C IV,37.549,39.685,1s23s - 1s23p,2S - 2P0,1/2 - 3/2,E1,47.89,S99,resonance,f-value,1,TRUE,C IV|1s23s - 1s23p|2S - 2P0,1
5811.98,C IV,37.549,39.681,1s23s - 1s23p,2S - 2P0,1/2 - 1/2,E1,47.89,S99,resonance,f-value,1,TRUE,C IV|1s23s - 1s23p|2S - 2P0,2
5875.624,He I,20.964,23.073,1s2p - 1s3d,3P0 - 3D,-,E1,0,-,-,-,-,FALSE,-,-
6046.44,O I,10.989,13.039,2s22p3(4S0)3p - 2s22p3(4S0)6s,3P - 3S0,2 - 1,E1,0,I01,-,-,-,FALSE,-,-
6087,[Fe VII],0.13,2.167,3p63d2 - 3p63d2,3F - 1D,45718,M1,99,FO87_ R11,-,-,-,FALSE,-,-
6300.304,[O I],0,1.967,2s22p4 - 2s22p4,3P - 1D,45690,M1,,-,forbidden,A-value,1,TRUE,[O I]|2s22p4 - 2s22p4|3P - 1D,1
6312.06,[S III],1.404,3.368,3s23p2 - 3s23p2,1D - 1S,2-0,E2,23.33,R11,-,-,-,FALSE,-,-
6347.1,Si II,8.121,10.074,3s24s - 3s24p,2S - 2P0,1/2 - 3/2,E1,8.15,I04,-,-,-,FALSE,-,-
6363.776,[O I],0.02,1.967,2s22p4 - 2s22p4,3P - 1D,45659,M1,0,-,forbidden,A-value,0.3333333333,TRUE,[O I]|2s22p4 - 2s22p4|3P - 1D,2
6369.462,Fe II,2.891,4.837,3d54s2 - 3d6(5D)4p,a 6S - z 6D0,5/2 - 3/2,E1,7.87,OP85,-,-,-,FALSE,-,-
6374.51,[Fe X],0,1.944,3s23p5 - 3s23p5,2P0 - 2P0,3/2-1/2,M1,235.04,FO87_ R11_ K08,-,-,-,FALSE,-,-
6516.081,Fe II,2.891,4.793,3d54s2 - 3d6(5D)4p,a 6S - z 6D0,5/2 - 7/2,E1,7.87,OP85,-,-,-,FALSE,-,-
6548.05,[N II],0.006,1.899,2s22p2 - 2s22p2,3P-1D,45659,M1,14.53,-,forbidden,A-value,1,TRUE,[N II]|2s22p2 - 2s22p2|3P-1D,1
6562.819,Hα,10.199,12.088,2 - 3,-,-,E1,0,-,-,-,-,FALSE,-,-
6583.46,[N II],0.016,1.899,2s22p2 - 2s22p2,3P-1D,45690,M1,14.53,-,forbidden,A-value,3,TRUE,[N II]|2s22p2 - 2s22p2|3P-1D,2
6678.15,He I,-,-,-,-,-,E1,,-,-,-,-,FALSE,-,-
6716.44,[S II],0,1.845,3s23p3 - 3s23p3,4S0 - 2D0,3/2-5/2,M1,10.36,-,forbidden,environment dependent,1,TRUE,[S II]|3s23p3 - 3s23p3|4S0 - 2D0,1
6730.81,[S II],0,1.842,3s23p3 - 3s23p3,4S0 - 2D0,3/2-3/2,M1,10.36,-,forbidden,environment dependent,-,TRUE,[S II]|3s23p3 - 3s23p3|4S0 - 2D0,2
6739.8,[Fe IV],-,-,-,-,-,-,-,-,-,-,-,FALSE,-,-
7002.23,O I,10.989,12.759,2s22p3(4S0)3p - 2s22p3(4S0)4d,3P - 3D0,2 - 3,E1,0,I01,-,-,-,FALSE,-,-
7005.87,[Ar V],0.252,2.021,3s23p2 - 3s23p2,3P - 1D,2 - 2,M1,59.81,A92_ I04,-,-,-,FALSE,-,-
7065.196,He I,20.964,22.718,1s2p - 1s3s,3P0 - 3S,-,E1,0,-,-,-,-,FALSE,-,-
7135.79,[Ar III],0,1.737,3s23p4 - 3s23p4,3P-1D,45690,M1,27.63,R11,-,-,-,FALSE,-,-
7155.157,[Fe II],0.232,1.965,3p63d7 - 3p63d7,a 4F - a 2G,9/2 - 9/2,M1,7.87,OF96,-,-,-,FALSE,-,-
7170.62,[Ar IV],2.615,4.343,3s23p3 - 3s23p3,2D0 - 2P0,3/2 - 3/2,M1,40.74,I04,-,-,-,FALSE,-,-
7172,[Fe II],0.301,2.03,3p63d7 - 3p63d7,a 4F - a 2G,7/2 - 7/2,M1,7.87,OF96,-,-,-,FALSE,-,-
7236.42,C II,16.333,18.046,2s23p - 2s23d,2P0 - 2D,3/2 - 5/2,E1,11.26,O90,-,-,-,FALSE,-,-
7237.26,[Ar IV],2.631,4.343,3s23p3 - 3s23p3,2D0 - 2P0,5/2 - 3/2,M1,40.74,I04,-,-,-,FALSE,-,-
7254.448,O I,10.989,12.697,2s22p3(4S0)3p - 2s22p3(4S0)5s,3P - 3S0,2 - 1,E1,0,O90,-,-,-,FALSE,-,-
7262.76,[Ar IV],2.615,4.321,3s23p3 - 3s23p3,2D0 - 2P0,3/2 - 1/2,M1,40.74,I04,-,-,-,FALSE,-,-
7281.349,He I,21.218,22.92,1s2p - 1s3s,1P0 - 1S,1 - 0,E1,0,O90,-,-,-,FALSE,-,-
7320,[O II],3.324,5.017,2s22p3 - 2s22p3,2D0 - 2P0,5/2-3/2,M1,13.62,FO87,forbidden,environment dependent,1,TRUE,[O II]|2s22p3 - 2s22p3|2D0 - 2P0,1
7329.7,[O II],3.327,5.017,2s22p3 - 2s22p3,2D0 - 2P0,3/2-3/2,M1,13.62,FO87,forbidden,environment dependent,-,TRUE,[O II]|2s22p3 - 2s22p3|2D0 - 2P0,2
7377.83,[Ni II],0,1.68,3p63d9 - 3p63d8(3F)4s,2D - 2F,5/2 - 7/2,M1,7.64,A92,-,-,-,FALSE,-,-
7411.16,[Ni II],0.187,1.86,3p63d9 - 3p63d8(3F)4s,2D - 2F,3/2 - 5/2,M1,7.64,O90,-,-,-,FALSE,-,-
7452.538,[Fe II],0.301,1.964,3p63d7 - 3p63d7,a 4F - a 4G,7/2 - 9/2,M1,7.87,O90,-,-,-,FALSE,-,-
7468.31,N I,10.336,11.996,2s22p2(3P)3s - 2s22p2(3P)3p,4P - 4S0,5/2 - 3/2,E1,0,O90,-,-,-,FALSE,-,-
7611,[S XII],0,1.629,2s22p - 2s22p,2Po-2Po,1/2-3/2,M1,504.78,W11,-,-,-,FALSE,-,-
7751.06,[Ar III],0.138,1.737,3s23p4 - 3s23p4,3P - 1D,1 - 2,M1,27.63,A92,-,-,-,FALSE,-,-
7816.136,He I,22.718,24.304,1s3s - 1s7p,3S - 3P0,-,E1,,O90,-,-,-,FALSE,-,-
7868.194,Ar I,13.273,14.848,3s23p5(2P03/2)4p - 3s23p5(2P03/2)6s,2[1/2] - 2[3/2]0,0-1,E1,0,R11,-,-,-,FALSE,-,-
7889.9,[Ni III],0.169,1.74,3p63d8 - 3p63d8,3F - 1D,3 - 2,M1,18.17,VB01,-,-,-,FALSE,-,-
7891.8,[Fe XI],0,1.571,3s23p4 - 3s23p4,3P - 3P,45689,M1,262.1,FO87_ R11_ K08,-,-,-,FALSE,-,-
8236.79,He II,52.241,53.746,,-,-,E1,54.42,OF96,-,-,-,FALSE,-,-
8392.397,Pa20,12.088,13.564,3 - 20,-,-,E1,0,O90,-,-,-,FALSE,-,-
8413.318,Pa19,12.088,13.561,3 - 19,-,-,E1,0,O90,-,-,-,FALSE,-,-
8437.956,Pa18,12.088,13.556,3 - 18,-,-,E1,0,O90,-,-,-,FALSE,-,-
8446.359,O I,9.521,10.989,2s22p3(4S0)3s - 2s22p3(4S0)3p,3S0 - 3P,1 - 2,E1,0,P88,-,-,-,FALSE,-,-
8467.254,Pa17,12.088,13.551,3 - 17,-,-,E1,0,O90,-,-,-,FALSE,-,-
8498.02,Ca II,1.692,3.151,3p63d - 3p64p,2D - 2P0,3/2 - 3/2,E1,6.11,P88,-,-,-,FALSE,-,-
8502.483,Pa16,12.088,13.545,3 - 16,-,-,E1,0,O90,-,-,-,FALSE,-,-
8542.09,Ca II,1.7,3.151,3p63d - 3p64p,2D - 2P0,5/2 - 3/2,E1,6.11,P88,-,-,-,FALSE,-,-
8545.383,Pa15,12.088,13.538,3 - 15,-,-,E1,0,O90,-,-,-,FALSE,-,-
8578.7,[Cl II],0,1.445,3s23p4 - 3s23p4,3P - 1D,2 - 2,M1,12.97,OF96,-,-,-,FALSE,-,-
8598.392,Pa14,12.088,13.529,3 - 14,-,-,E1,0,O90,-,-,-,FALSE,-,-
8616.95,[Fe II],0.232,1.671,3p63d7 - 3p63d7,a 4F - a 4P,9/2 - 5/2,E2,7.87,OF96,-,-,-,FALSE,-,-
8662.14,Ca II,1.692,3.123,3p63d - 3p64p,2D - 2P0,3/2 - 1/2,E1,6.11,P88,-,-,-,FALSE,-,-
8665.019,Pa13,12.088,13.518,3 - 13,-,-,E1,0,O90,-,-,-,FALSE,-,-
8680.282,N I,10.336,11.764,2s22p2(3P)3s - 2s22p2(3P)3p,4P - 4D0,5/2 - 7/2,E1,0,O90,-,-,-,FALSE,-,-
8703.247,N I,10.326,11.75,2s22p2(3P)3s - 2s22p2(3P)3p,4P - 4D0,1/2 - 1/2,E1,0,O90,-,-,-,FALSE,-,-
8711.703,N I,10.33,11.753,2s22p2(3P)3s - 2s22p2(3P)3p,4P - 4D0,3/2 - 3/2,E1,0,O90,-,-,-,FALSE,-,-
8750.472,Pa12,12.088,13.504,3 - 12,-,-,E1,0,O90,-,-,-,FALSE,-,-
8862.782,Pa11,12.088,13.486,3 - 11,-,-,E1,0,O90,-,-,-,FALSE,-,-
8891.91,[Fe II],0.301,1.695,3p63d7 - 3p63d7,a 4F - a 4P,7/2 - 3/2,E2,7.87,O90,-,-,-,FALSE,-,-
9014.909,Pa10,12.088,13.462,3 - 10,-,-,E1,0,O90,-,-,-,FALSE,-,-
9068.6,[S III],0.037,1.404,3s23p2 - 3s23p2,3P - 1D,1 - 2,M1,23.33,OF96,-,-,-,FALSE,-,-
9229.014,Pa9,12.088,13.431,3 - 9,-,-,E1,0,O90,-,-,-,FALSE,-,-
9530.6,[S III],0.103,1.404,3s23p2 - 3s23p2,3P - 1D,2 - 2,M1,23.33,-,-,-,-,FALSE,-,-
9545.969,Paε,12.088,13.386,3 - 8,-,-,E1,0,O90,-,-,-,FALSE,-,-
9824.13,[C I],0.002,1.264,2s22p2 - 2s22p2,3P - 1D,1 - 2,M1,0,OF96,-,-,-,FALSE,-,-
9850.26,[C I],0.005,1.264,2s22p2 - 2s22p2,3P - 1D,2 - 2,M1,0,OF96,-,-,-,FALSE,-,-
9913,[S VIII],0,1.25,2s22p5 - 2s22p5,2P0 - 2P0,3/2 - 1/2,M1,280.93,OF96,-,-,-,FALSE,-,-
10027.73,He I,23.074,24.31,1s3d - 1s7f,3D - 3F0,-,E1,0,OF96,-,-,-,FALSE,-,-
10031.16,He I,23.074,24.31,1s3d - 1s7f,1D - 1F0,2 - 3,E1,0,O90,-,-,-,FALSE,-,-
10049.368,Paδ,12.088,13.321,3 - 7,-,-,E1,0,O90,-,-,-,FALSE,-,-
10286.73,[S II],1.842,3.046,3s23p3 - 3s23p3,2D0 - 2P0,4 - 4,M1,10.36,OF96,-,-,-,FALSE,-,-
10320.49,[S II],1.845,3.046,3s23p3 - 3s23p3,2D0 - 2P0,6 - 4,M1,10.36,OF96,-,-,-,FALSE,-,-
10336.41,[S II],1.842,3.041,3s23p3 - 3s23p3,2D0 - 2P0,4 - 2,M1,10.36,O90,-,-,-,FALSE,-,-
10746.8,[Fe XIII],0,1.153,3s23p2 - 3s23p2,3P - 3P,0 - 1,M1,330.8,-,-,-,-,FALSE,-,-
10830.34,He I,19.82,20.964,1s2s - 1s2p,3S - 3P0,1 - 2,E1,0,OF96,-,-,-,FALSE,-,-
10938.086,Paγ,12.088,13.221,3 - 6,-,-,E1,0,O90,-,-,-,FALSE,-,-